	gene_id	gene_name	open_S0	open_S1	open_S2
0	ENSMUSG00000000562	Adora3	0.0	0.0525	0.0
1	ENSMUSG00000001023	S100a5	0.0	0.0	0.0
2	ENSMUSG00000001865	Cpa3	0.0	0.0	0.0
3	ENSMUSG00000011008	Mcoln2	0.243	0.3405	0.373
4	ENSMUSG00000011463	Cpb1	0.0	0.0	0.0
5	ENSMUSG00000012042	4930579F01Rik	0.0425	0.0	0.0
6	ENSMUSG00000015852	Fcrls	0.0	0.0	0.0
7	ENSMUSG00000015854	Cd5l	0.0	0.0	0.0
8	ENSMUSG00000023057	Fabp2	0.0	0.0	0.0
9	ENSMUSG00000027528	Fabp9	0.0	0.0	0.0
10	ENSMUSG00000027530	Fabp12	0.1575	0.0625	0.2125
11	ENSMUSG00000027556	Car1	0.0	0.0	0.0
12	ENSMUSG00000027564	Cypt12	0.0	0.0	0.0
13	ENSMUSG00000027606	Dnajc5b	0.0	0.0	0.05
14	ENSMUSG00000027761	Aadac	0.0	0.0	0.0
15	ENSMUSG00000027762	Sucnr1	0.0	0.0	0.06
16	ENSMUSG00000027776	Il12a	0.065	0.18	0.2075
17	ENSMUSG00000027788	Otol1	0.0	0.0	0.0
18	ENSMUSG00000027790	Sis	0.0	0.0	0.0
19	ENSMUSG00000027801	Tm4sf4	0.0	0.0	0.1075
20	ENSMUSG00000027869	Hsd3b6	0.0	0.05	0.1025
21	ENSMUSG00000027870	Hao2	0.0	0.0	0.0
22	ENSMUSG00000027876	Reg4	0.0	0.0	0.0
23	ENSMUSG00000027880	Slc25a54	0.085	0.09	0.125
24	ENSMUSG00000027902	Chil6	0.0	0.0	0.0
25	ENSMUSG00000027908	Tchhl1	0.0	0.0	0.0675
26	ENSMUSG00000027912	Lce1m	0.0	0.0	0.04
27	ENSMUSG00000027919	Lce1g	0.0425	0.0	0.0
28	ENSMUSG00000027923	Lce1b	0.0	0.0	0.0
29	ENSMUSG00000027925	Sprr2j-ps	0.0	0.0	0.0
30	ENSMUSG00000027927	Lelp1	0.0	0.0425	0.0475
31	ENSMUSG00000027973	1700006A11Rik	0.0	0.0	0.0
32	ENSMUSG00000028004	Npy2r	0.2225	0.3575	0.385
33	ENSMUSG00000028008	Asic5	0.0	0.0	0.0
34	ENSMUSG00000028011	Tdo2	0.0	0.0	0.045
35	ENSMUSG00000028116	Myoz2	0.065	0.085	0.0475
36	ENSMUSG00000028148	Them5	0.0	0.05	0.1175
37	ENSMUSG00000028174	Rpe65	0.0	0.0	0.0
38	ENSMUSG00000028185	Dnase2b	0.0	0.0	0.045
39	ENSMUSG00000034139	Serpini2	0.0	0.0	0.0
40	ENSMUSG00000036951	Aadacl2fm1	0.0	0.0	0.0
41	ENSMUSG00000037797	Adh4	0.0	0.0	0.045
42	ENSMUSG00000038997	Asb17	0.0575	0.1	0.17
43	ENSMUSG00000039146	Ifi44l	0.0975	0.0425	0.12
44	ENSMUSG00000039174	1700003H04Rik	0.0	0.0	0.0
45	ENSMUSG00000039335	Spata16	0.0	0.0	0.0
46	ENSMUSG00000039710	Slc7a12	0.0	0.0	0.0
47	ENSMUSG00000040086	Tnni3k	0.0	0.0	0.0
48	ENSMUSG00000040600	Eps8l3	0.2325	0.1125	0.265
49	ENSMUSG00000040747	Cd53	0.0	0.0	0.0
50	ENSMUSG00000040809	Chil3	0.0	0.0	0.0
51	ENSMUSG00000042031	Lce3b	0.0	0.0	0.0
52	ENSMUSG00000042092	Lce1c	0.0675	0.0	0.0
53	ENSMUSG00000042124	Lce1f	0.0	0.0	0.0
54	ENSMUSG00000042157	Sprr2i	0.0	0.0	0.0
55	ENSMUSG00000042212	Sprr2d	0.0	0.0	0.0
56	ENSMUSG00000042244	Pglyrp3	0.0	0.0	0.0
57	ENSMUSG00000042250	Pglyrp4	0.0	0.0	0.0
58	ENSMUSG00000043020	Wdr63	0.0475	0.0925	0.35
59	ENSMUSG00000043164	Tmem212	0.0475	0.0	0.0
60	ENSMUSG00000043441	Gpr149	0.065	0.068	0.083
61	ENSMUSG00000043472	Lce3d	0.0	0.0	0.0
62	ENSMUSG00000043529	Olfr266	0.0	0.0	0.0
63	ENSMUSG00000043873	Chil5	0.0	0.0	0.0
64	ENSMUSG00000045475	Lce3c	0.0	0.0	0.0
65	ENSMUSG00000045539	Sprr3	0.0	0.0	0.0
66	ENSMUSG00000045566	Sprr4	0.0	0.0	0.0
67	ENSMUSG00000046259	Sprr2h	0.0	0.0	0.0
68	ENSMUSG00000046676	Lce1l	0.0	0.0	0.0
69	ENSMUSG00000047940	Stpg2	0.0575	0.24	0.3
70	ENSMUSG00000048031	Fcrl5	0.0	0.0475	0.0
71	ENSMUSG00000048455	Sprr1b	0.0	0.0	0.0
72	ENSMUSG00000049128	Ivl	0.0	0.0	0.0
73	ENSMUSG00000049133	Flg2	0.0	0.0	0.0
74	ENSMUSG00000049349	Gm5105	0.4475	0.4465	0.4365
75	ENSMUSG00000049593	Lce1h	0.0475	0.0	0.06
76	ENSMUSG00000050635	Sprr2f	0.0	0.0	0.0
77	ENSMUSG00000051036	Ttc24	0.0875	0.04	0.0475
78	ENSMUSG00000051392	Olfr1402	0.0	0.0	0.0
79	ENSMUSG00000051638	Gm9857	0.1425	0.0475	0.185
80	ENSMUSG00000051788	4930564D02Rik	0.0	0.0	0.0
81	ENSMUSG00000052468	Pmp2	0.0	0.0	0.0
82	ENSMUSG00000053054	Adh6a	0.055	0.04	0.12
83	ENSMUSG00000053706	B430305J03Rik	0.26	0.25	0.3825
84	ENSMUSG00000054215	Sprr2k	0.0	0.0	0.0
85	ENSMUSG00000054325	Lce3a	0.0	0.0	0.0
86	ENSMUSG00000055030	Sprr2e	0.0	0.0	0.0
87	ENSMUSG00000055138	Gm4861	0.05	0.0	0.0375
88	ENSMUSG00000056054	S100a8	0.0425	0.0	0.0
89	ENSMUSG00000056071	S100a9	0.0475	0.0	0.045
90	ENSMUSG00000056270	Prr9	0.0375	0.0	0.0
91	ENSMUSG00000057609	Lce1a1	0.0	0.0	0.0
92	ENSMUSG00000059832	Kprp	0.0	0.0	0.0
93	ENSMUSG00000059994	Fcrl1	0.0	0.0425	0.0
94	ENSMUSG00000060913	Trim55	0.0	0.0	0.0
95	ENSMUSG00000062200	Vmn2r7	0.0	0.04	0.033
96	ENSMUSG00000062778	Chia1	0.0	0.0	0.0
97	ENSMUSG00000063779	Chil4	0.0	0.0	0.0
98	ENSMUSG00000063954	H2ac19	0.06	0.1175	0.0775
99	ENSMUSG00000068885	Lce3f	0.0	0.0	0.0
100	ENSMUSG00000068887	Lce1j	0.0	0.0	0.0
101	ENSMUSG00000068888	Lce1i	0.0	0.011	0.0035
102	ENSMUSG00000068889	Lce1e	0.0	0.0	0.0
103	ENSMUSG00000068890	Lce1a2	0.0	0.0	0.0
104	ENSMUSG00000068999	Vmn2r5	0.0	0.0	0.0
105	ENSMUSG00000069118	1700008P02Rik	0.0	0.0	0.0
106	ENSMUSG00000070360	Amy2a1	0.0	0.0	0.0
107	ENSMUSG00000074248	4930432M17Rik	0.0275	0.07	0.005
108	ENSMUSG00000074268	Amy2a5	0.0	0.0	0.0
109	ENSMUSG00000074344	Tmigd3	0.0	0.0525	0.0
110	ENSMUSG00000074403	H3c13	0.2335	0.266	0.211
111	ENSMUSG00000074433	Lce3e	0.0	0.0	0.0
112	ENSMUSG00000074435	Smcp	0.0	0.0	0.0
113	ENSMUSG00000074486	Bglap2	0.0	0.1225	0.0475
114	ENSMUSG00000074591	Ankub1	0.0	0.0	0.0
115	ENSMUSG00000074655	Gm1527	0.0	0.0	0.0
116	ENSMUSG00000074677	Sirpb1c	0.0	0.0	0.0
117	ENSMUSG00000078590	Gm10959	0.0	0.0	0.0
118	ENSMUSG00000078604	Gm10961	0.35	0.46	0.59
119	ENSMUSG00000078620	Gm10964	0.08	0.1775	0.168
120	ENSMUSG00000078657	Crnn	0.0	0.0	0.0
121	ENSMUSG00000078742	Gm10985	0.0	0.0	0.0
122	ENSMUSG00000078780	Gm5150	0.0	0.0	0.0
123	ENSMUSG00000078783	Gm9733	0.1175	0.0675	0.0875
124	ENSMUSG00000080907	4930455H04Rik	0.15	0.12	0.1375
125	ENSMUSG00000086848	Lce6a	0.0	0.0	0.0
126	ENSMUSG00000089696	Spopfm1	0.0	0.0	0.0
127	ENSMUSG00000090314	2310050C09Rik	0.0	0.0	0.0
128	ENSMUSG00000090408	Gm17402	0.0	0.045	0.039
129	ENSMUSG00000090441	Gm17651	0.0	0.0	0.0
130	ENSMUSG00000090527	Aadacl2fm2	0.0	0.0	0.0
131	ENSMUSG00000090581	Vmn2r6	0.0	0.0	0.0
132	ENSMUSG00000091175	S100a7l2	0.0	0.0	0.0
133	ENSMUSG00000091685	Gm17359	0.0	0.0	0.0
134	ENSMUSG00000091721	Gimd1	0.0	0.0	0.0
135	ENSMUSG00000094018	S100a2	0.0425	0.045	0.0375
136	ENSMUSG00000094084	Tdpoz1	0.0	0.0	0.0
137	ENSMUSG00000094163	Tdpoz5	0.0	0.0	0.0
138	ENSMUSG00000094487	Gm21958	0.0	0.0	0.0
139	ENSMUSG00000094613	A630076J17Rik	0.175	0.1675	0.17
140	ENSMUSG00000094962	Gm21954	0.0	0.0	0.0
141	ENSMUSG00000095028	Sirpb1b	0.04	0.0	0.0
142	ENSMUSG00000095251	Tdpoz7	0.0	0.0	0.0
143	ENSMUSG00000095522	Aadacl2fm3	0.0	0.0	0.0
144	ENSMUSG00000095788	Sirpb1a	0.0	0.0	0.0
145	ENSMUSG00000095822	Gm9117	0.0	0.0	0.0
146	ENSMUSG00000095870	Lce1k	0.0	0.0	0.0
147	ENSMUSG00000096621	Gm5849	0.0	0.0	0.0
148	ENSMUSG00000102308	2310046K23Rik	0.0	0.0	0.0
149	ENSMUSG00000103084	Gm38119	0.0	0.0	0.0
150	ENSMUSG00000103124	Gm37389	0.0	0.0	0.0
151	ENSMUSG00000103243	Lce1d	0.0	0.0	0.0
152	ENSMUSG00000103350	Tdpoz6	0.0	0.0	0.0
153	ENSMUSG00000103362	Tdpoz2	0.0	0.0	0.0
154	ENSMUSG00000103523	2210017I01Rik	0.0	0.0	0.0
155	ENSMUSG00000104301	Wdr49	0.0	0.0	0.0
156	ENSMUSG00000105103	Gm43191	0.06	0.0	0.05
157	ENSMUSG00000105518	Gm42674	0.0	0.1075	0.2725
158	ENSMUSG00000105827	H2bc18	0.375	0.36	0.395
159	ENSMUSG00000004730	Adgre1	0.0	0.0	0.0
160	ENSMUSG00000005824	Tnfsf14	0.0475	0.0	0.055
161	ENSMUSG00000014771	Pdcd2	0.0775	0.175	0.2775
162	ENSMUSG00000019489	Cd70	0.1625	0.115	0.2475
163	ENSMUSG00000021545	1700067P10Rik	0.0	0.0	0.0
164	ENSMUSG00000023122	Sult1c2	0.0	0.0	0.0
165	ENSMUSG00000023350	Phf8-ps	0.0	0.0	0.0
166	ENSMUSG00000023802	Nox3	0.0	0.0	0.0
167	ENSMUSG00000023829	Slc22a1	0.04	0.09	0.0925
168	ENSMUSG00000023914	Mep1a	0.0	0.0	0.0
169	ENSMUSG00000023926	Rhag	0.0	0.0	0.0
170	ENSMUSG00000023930	Crisp2	0.0	0.0	0.0
171	ENSMUSG00000023943	Sult1c1	0.0	0.0	0.0
172	ENSMUSG00000023992	Trem2	0.0	0.0	0.0
173	ENSMUSG00000023993	Treml1	0.0525	0.0375	0.0475
174	ENSMUSG00000024028	Tff2	0.05	0.0	0.0
175	ENSMUSG00000024034	Tmprss3	0.0625	0.0	0.1025
176	ENSMUSG00000024041	Cryaa	0.1045	0.0	0.06
177	ENSMUSG00000024066	Xdh	0.0	0.0	0.0375
178	ENSMUSG00000024088	4930583I09Rik	0.0	0.0	0.0
179	ENSMUSG00000024105	Themis3	0.0	0.0	0.0
180	ENSMUSG00000024116	Prss21	0.0	0.0	0.0
181	ENSMUSG00000024124	Prss30	0.0375	0.0	0.045
182	ENSMUSG00000024125	Sbpl	0.0	0.0	0.0
183	ENSMUSG00000024128	Sbp	0.0	0.0	0.0
184	ENSMUSG00000024171	Prss28	0.045	0.0	0.12
185	ENSMUSG00000024173	Tpsab1	0.0	0.0	0.0
186	ENSMUSG00000024175	Tekt4	0.0	0.0475	0.13
187	ENSMUSG00000024224	Clpsl2	0.1775	0.06	0.1775
188	ENSMUSG00000024340	Btnl2	0.0	0.0	0.0
189	ENSMUSG00000024365	Cyp21a1	0.0	0.0	0.0
190	ENSMUSG00000024448	H2-M10.1	0.0	0.0	0.0
191	ENSMUSG00000025431	Crisp1	0.0	0.0	0.0
192	ENSMUSG00000025433	Crisp3	0.0	0.0	0.0
193	ENSMUSG00000029184	Olfr109	0.0	0.0	0.0
194	ENSMUSG00000031233	Pgk2	0.0	0.0	0.0
195	ENSMUSG00000032937	Fshr	0.05	0.0	0.0
196	ENSMUSG00000033825	Tpsb2	0.11	0.105	0.0
197	ENSMUSG00000034039	Prss29	0.0305	0.023	0.0
198	ENSMUSG00000035186	Ubd	0.0	0.0	0.0
199	ENSMUSG00000035435	Abca17	0.045	0.07	0.22
200	ENSMUSG00000036557	Stpg4	0.0	0.0	0.0375
201	ENSMUSG00000036594	H2-Aa	0.0475	0.0	0.075
202	ENSMUSG00000037130	H2-M10.6	0.0	0.0	0.0
203	ENSMUSG00000037246	H2-M10.5	0.0	0.0	0.0
204	ENSMUSG00000037334	H2-M1	0.0	0.0	0.0
205	ENSMUSG00000037537	H2-M11	0.0	0.0	0.0
206	ENSMUSG00000037548	H2-DMb2	0.045	0.0	0.0
207	ENSMUSG00000037689	Tmem247	0.0	0.0	0.0425
208	ENSMUSG00000038541	Srd5a2	0.105	0.1825	0.245
209	ENSMUSG00000040899	Ccr6	0.0	0.0	0.0
210	ENSMUSG00000040966	Slc22a2	0.0475	0.0	0.0475
211	ENSMUSG00000041293	Adgrf1	0.0	0.0	0.0
212	ENSMUSG00000041538	H2-Ob	0.0	0.0	0.0
213	ENSMUSG00000041565	L3mbtl4	0.115	0.1825	0.2825
214	ENSMUSG00000041754	Trem3	0.0	0.0	0.0475
215	ENSMUSG00000042265	Trem1	0.0	0.0	0.0
216	ENSMUSG00000042848	Vmn1r226	0.0	0.0	0.0
217	ENSMUSG00000043312	Olfr131	0.0	0.0	0.0
218	ENSMUSG00000043537	Vmn1r225	0.0	0.0	0.0
219	ENSMUSG00000043740	B430306N03Rik	0.0	0.0	0.0
220	ENSMUSG00000043827	Olfr94	0.0	0.0	0.0
221	ENSMUSG00000043939	A530064D06Rik	0.0	0.0	0.0
222	ENSMUSG00000044172	Ptx4	0.0	0.04	0.0
223	ENSMUSG00000044375	Pcare	0.1025	0.0525	0.119
224	ENSMUSG00000044985	Olfr124	0.0	0.0	0.0
225	ENSMUSG00000045036	Tmem232	0.055	0.0725	0.075
226	ENSMUSG00000045202	Olfr123	0.0	0.0	0.0
227	ENSMUSG00000045417	Vmn1r230	0.0	0.0	0.0
228	ENSMUSG00000045575	Vmn1r233	0.0	0.0	0.0
229	ENSMUSG00000045744	Bricd5	0.105	0.0	0.1375
230	ENSMUSG00000045761	Togaram2	0.085	0.0975	0.16
231	ENSMUSG00000048062	Fpr-rs4	0.0	0.0	0.0
232	ENSMUSG00000048231	H2-M10.4	0.0	0.0	0.0
233	ENSMUSG00000049561	Olfr95	0.0	0.0	0.0
234	ENSMUSG00000049618	Olfr103	0.0	0.0	0.0
235	ENSMUSG00000050102	Vmn1r235	0.0	0.0	0.0
236	ENSMUSG00000050613	Olfr125	0.0	0.0	0.0
237	ENSMUSG00000050933	Vmn1r231	0.0	0.0	0.0
238	ENSMUSG00000051611	Olfr112	0.0	0.0	0.0
239	ENSMUSG00000051682	Treml4	0.0	0.0	0.0
240	ENSMUSG00000052270	Fpr2	0.0	0.0	0.0
241	ENSMUSG00000054128	H2-T3	0.3425	0.32	0.3575
242	ENSMUSG00000054142	Vmn1r236	0.0	0.0	0.0
243	ENSMUSG00000054666	Olfr63	0.0	0.0	0.0
244	ENSMUSG00000054940	Olfr137	0.0	0.0	0.0
245	ENSMUSG00000056399	Prss34	0.045	0.0	0.145
246	ENSMUSG00000056910	Vmn2r107	0.0	0.0	0.0
247	ENSMUSG00000057203	Vmn1r234	0.0	0.0	0.0
248	ENSMUSG00000057417	Dcpp3	0.0	0.0	0.0
249	ENSMUSG00000057443	Olfr138	0.0	0.0	0.0
250	ENSMUSG00000057801	Olfr135	0.0	0.0	0.0
251	ENSMUSG00000058114	Olfr127	0.0	0.0	0.0
252	ENSMUSG00000058124	H2-M10.3	0.0	0.0	0.0
253	ENSMUSG00000058435	Btnl4	0.0	0.0	0.0
254	ENSMUSG00000058802	Olfr97	0.0	0.0	0.0
255	ENSMUSG00000059030	Olfr128	0.0	0.0	0.0
256	ENSMUSG00000059481	Plg	0.0	0.0	0.0
257	ENSMUSG00000059687	Olfr108	0.0	0.0	0.0
258	ENSMUSG00000059964	Olfr119	0.0	0.0	0.0
259	ENSMUSG00000060017	Olfr121	0.0	0.0	0.0
260	ENSMUSG00000060245	Vmn1r228	0.0	0.0	0.0
261	ENSMUSG00000060701	Fpr-rs3	0.0	0.0	0.0
262	ENSMUSG00000061336	Olfr116	0.0	0.0	0.0
263	ENSMUSG00000062165	Vmn1r232	0.0	0.0	0.0
264	ENSMUSG00000062629	Olfr114	0.0	0.0	0.0
265	ENSMUSG00000063188	Olfr107	0.0	0.0	0.0
266	ENSMUSG00000063240	Olfr133	0.0	0.0	0.0
267	ENSMUSG00000063994	Olfr120	0.0	0.0	0.0
268	ENSMUSG00000064121	Olfr96	0.0	0.0	0.0
269	ENSMUSG00000067186	Olfr132	0.0	0.0	0.0
270	ENSMUSG00000067201	H2-M9	0.0	0.0	0.0
271	ENSMUSG00000071033	Gm10308	0.0	0.0	0.1
272	ENSMUSG00000071275	Fpr-rs6	0.0	0.0	0.0
273	ENSMUSG00000071276	Fpr-rs7	0.0	0.0	0.0
274	ENSMUSG00000072968	Gm17728	0.0	0.0	0.0
275	ENSMUSG00000073375	Lrrc30	0.0	0.05	0.0475
276	ENSMUSG00000073386	9830107B12Rik	0.045	0.05	0.075
277	ENSMUSG00000073396	Esp1	0.0	0.0	0.0
278	ENSMUSG00000073400	Trim10	0.0	0.0	0.0
279	ENSMUSG00000073458	Smok2a	0.0	0.0	0.0
280	ENSMUSG00000079333	Gm11096	0.0	0.0	0.0
281	ENSMUSG00000079698	Vmn2r93	0.0	0.0	0.0
282	ENSMUSG00000079700	Fpr3	0.0	0.0	0.0
283	ENSMUSG00000080990	Olfr118	0.0	0.0	0.0
284	ENSMUSG00000083947	Olfr122	0.0	0.0	0.0
285	ENSMUSG00000090304	Vmn2r99	0.0	0.0	0.0
286	ENSMUSG00000090315	Vmn2r104	0.0	0.0	0.0
287	ENSMUSG00000090417	Vmn2r94	0.0	0.0	0.0
288	ENSMUSG00000090509	Sfta2	0.0	0.0525	0.045
289	ENSMUSG00000090572	Vmn2r109	0.0	0.0	0.0
290	ENSMUSG00000090588	Gm9573	0.0	0.0	0.0
291	ENSMUSG00000090655	Vmn2r120	0.0	0.0	0.0
292	ENSMUSG00000090675	Olfr111	0.0	0.0	0.0
293	ENSMUSG00000090700	Cyp4f40	0.0	0.0	0.0
294	ENSMUSG00000090747	Esp8	0.0	0.0	0.0
295	ENSMUSG00000090894	Olfr110	0.0	0.0	0.0
296	ENSMUSG00000090897	Gm44501	0.0	0.0	0.0
297	ENSMUSG00000090966	Vmn2r116	0.0	0.0	0.0
298	ENSMUSG00000091076	Vmn2r115	0.0	0.0	0.0
299	ENSMUSG00000091151	Vmn1r224	0.0	0.0	0.0
300	ENSMUSG00000091206	Vmn2r91	0.0	0.0	0.0
301	ENSMUSG00000091259	Vmn2r110	0.0	0.0	0.0
302	ENSMUSG00000091350	Vmn2r92	0.0	0.0	0.0
303	ENSMUSG00000091407	Vmn2r117	0.0	0.0	0.0
304	ENSMUSG00000091491	Vmn2r97	0.0	0.0	0.0
305	ENSMUSG00000091504	Vmn2r118	0.0	0.0	0.0
306	ENSMUSG00000091531	Olfr102	0.0	0.0	0.0
307	ENSMUSG00000091631	Vmn2r95	0.0	0.0	0.0
308	ENSMUSG00000091656	Vmn2r106	0.0	0.0	0.0
309	ENSMUSG00000091670	Vmn2r105	0.0	0.0	0.0
310	ENSMUSG00000091679	Vmn2r96	0.0	0.0	0.0
311	ENSMUSG00000091771	Vmn2r103	0.0	0.0	0.0
312	ENSMUSG00000091805	Vmn2r108	0.0	0.0	0.0
313	ENSMUSG00000091859	Vmn2r100	0.0	0.0	0.0
314	ENSMUSG00000091945	Vmn2r114	0.0	0.0	0.0
315	ENSMUSG00000092043	Esp6	0.0	0.0	0.0
316	ENSMUSG00000092077	Olfr101	0.0	0.0	0.0
317	ENSMUSG00000092111	Vmn2r113	0.0	0.0	0.0
318	ENSMUSG00000092120	Vmn2r90	0.0	0.0	0.0
319	ENSMUSG00000092244	Esp34	0.0	0.0	0.0
320	ENSMUSG00000092277	Gm19684	0.0	0.0	0.06
321	ENSMUSG00000092292	Olfr113	0.0	0.0	0.0
322	ENSMUSG00000092322	Esp36	0.0	0.0	0.0
323	ENSMUSG00000092342	Esp31	0.0	0.0	0.0
324	ENSMUSG00000092413	Olfr115	0.0	0.0	0.0
325	ENSMUSG00000092609	Gm20481	0.0	0.0375	0.0
326	ENSMUSG00000092618	Btnl6	0.0	0.0	0.045
327	ENSMUSG00000093922	Rpl36-ps4	0.0	0.0	0.0
328	ENSMUSG00000093957	Esp3	0.0	0.0	0.0
329	ENSMUSG00000094024	Esp18	0.0	0.0	0.0
330	ENSMUSG00000094168	Gm21903	0.0	0.0	0.0
331	ENSMUSG00000094396	Vmn2r124	0.0	0.0	0.0
332	ENSMUSG00000094878	Olfr130	0.0	0.0	0.0
333	ENSMUSG00000094892	Vmn2r101	0.0	0.0	0.0
334	ENSMUSG00000094921	Vmn2r112	0.0	0.0	0.0
335	ENSMUSG00000095093	Vmn2r111	0.0	0.0	0.0
336	ENSMUSG00000095104	Esp15	0.0	0.0	0.0
337	ENSMUSG00000095286	Olfr117	0.0	0.0	0.0
338	ENSMUSG00000095540	Esp4	0.0	0.0	0.0
339	ENSMUSG00000095625	Esp24	0.0	0.0	0.0
340	ENSMUSG00000095658	Vmn2r-ps130	0.0	0.0	0.0
341	ENSMUSG00000095886	Esp38	0.0	0.0	0.0
342	ENSMUSG00000095961	Vmn2r102	0.0	0.0	0.0
343	ENSMUSG00000096009	Olfr134	0.0	0.0	0.0
344	ENSMUSG00000096278	Dcpp2	0.0	0.0	0.0
345	ENSMUSG00000096345	Esp16	0.0	0.0	0.0
346	ENSMUSG00000096445	Dcpp1	0.0	0.0	0.0
347	ENSMUSG00000096697	Esp23	0.0	0.0	0.0
348	ENSMUSG00000096717	Vmn2r98	0.0	0.0	0.0
349	ENSMUSG00000096840	Olfr136	0.0	0.0	0.0
350	ENSMUSG00000101361	Gm7358	0.0	0.0	0.0
351	ENSMUSG00000002588	Pon1	0.0525	0.115	0.07
352	ENSMUSG00000003477	Inmt	0.0	0.11	0.0
353	ENSMUSG00000004654	Ghrhr	0.0675	0.0	0.185
354	ENSMUSG00000008845	Cd163	0.0	0.0725	0.0
355	ENSMUSG00000014104	Sval2	0.0	0.0	0.0
356	ENSMUSG00000014542	Clec4f	0.095	0.0	0.0375
357	ENSMUSG00000014543	Klra17	0.0	0.0	0.0
358	ENSMUSG00000018656	Tcaf3	0.0	0.0	0.0
359	ENSMUSG00000023140	Reg2	0.0	0.0	0.0
360	ENSMUSG00000023289	Sva	0.0	0.0	0.0
361	ENSMUSG00000023349	Clec4n	0.0	0.0	0.0
362	ENSMUSG00000029517	Ankrd7	0.0	0.0	0.0
363	ENSMUSG00000029663	Gngt1	0.0	0.0	0.0
364	ENSMUSG00000029678	Hyal5	0.0	0.0	0.0
365	ENSMUSG00000029679	Hyal6	0.0	0.0	0.0
366	ENSMUSG00000029680	Hyal4	0.0	0.0	0.0
367	ENSMUSG00000029682	Spam1	0.0	0.0	0.0
368	ENSMUSG00000029685	Asb15	0.11	0.2725	0.3525
369	ENSMUSG00000029697	Fezf1	0.2675	0.588	0.6925
370	ENSMUSG00000029706	Pax4	0.0	0.0	0.0
371	ENSMUSG00000029766	1700012A03Rik	0.0	0.0	0.0
372	ENSMUSG00000029813	Doxl1	0.045	0.1425	0.0475
373	ENSMUSG00000029831	Npvf	0.0	0.0	0.0
374	ENSMUSG00000029865	Sval1	0.0	0.0	0.0
375	ENSMUSG00000029867	Llcfc1	0.0	0.0	0.0
376	ENSMUSG00000029882	2210010C04Rik	0.0	0.0	0.0
377	ENSMUSG00000029883	1700074P13Rik	0.0	0.0	0.0
378	ENSMUSG00000029885	Moxd2	0.0	0.0	0.0
379	ENSMUSG00000029909	Prss37	0.0	0.0	0.0
380	ENSMUSG00000029915	Clec5a	0.0	0.0	0.0
381	ENSMUSG00000030001	Figla	0.08	0.085	0.06
382	ENSMUSG00000030004	Nat8	0.0	0.0575	0.0555
383	ENSMUSG00000030017	Reg3g	0.013	0.0	0.0
384	ENSMUSG00000030047	Arhgap25	0.04	0.0625	0.1
385	ENSMUSG00000030109	Slc6a12	0.1425	0.1975	0.25
386	ENSMUSG00000030125	Lrrc23	0.22	0.185	0.3925
387	ENSMUSG00000030131	Mug2	0.0	0.0	0.0
388	ENSMUSG00000030142	Clec4e	0.0	0.0	0.0
389	ENSMUSG00000030143	Gm8882	0.0	0.0	0.0
390	ENSMUSG00000030144	Clec4d	0.0	0.0	0.0
391	ENSMUSG00000030147	Clec4b1	0.0	0.0	0.0
392	ENSMUSG00000030148	Clec4a2	0.0	0.0	0.0
393	ENSMUSG00000030149	Klrk1	0.0	0.0	0.0
394	ENSMUSG00000030154	Klrb1f	0.0	0.0	0.0
395	ENSMUSG00000030155	Clec2e	0.0	0.0	0.0
396	ENSMUSG00000030156	Cd69	0.0	0.0	0.0
397	ENSMUSG00000030158	Clec12b	0.0	0.0	0.0
398	ENSMUSG00000030160	Tmem52b	0.0425	0.0525	0.038
399	ENSMUSG00000030165	Klrd1	0.0	0.0	0.0
400	ENSMUSG00000030167	Klrc1	0.0	0.0	0.0
401	ENSMUSG00000030173	Klra5	0.0	0.0	0.0
402	ENSMUSG00000030187	Klra2	0.0	0.0	0.0
403	ENSMUSG00000030194	Tas2r116	0.0	0.0	0.0
404	ENSMUSG00000030196	Tas2r103	0.0	0.0	0.0
405	ENSMUSG00000030219	Erp27	0.04	0.055	0.0475
406	ENSMUSG00000030230	Plcz1	0.0	0.0	0.0
407	ENSMUSG00000030237	Slco1a4	0.0	0.0	0.0
408	ENSMUSG00000030244	Gys2	0.0	0.0	0.0425
409	ENSMUSG00000030292	Smco2	0.0	0.04	0.0
410	ENSMUSG00000030325	Klrb1c	0.0	0.0	0.0
411	ENSMUSG00000030345	Dyrk4	0.11	0.1175	0.245
412	ENSMUSG00000030361	Klrb1a	0.13	0.0	0.0625
413	ENSMUSG00000030364	Clec2h	0.0	0.0	0.0
414	ENSMUSG00000032758	Kap	0.0	0.0	0.0
415	ENSMUSG00000033024	Klra9	0.0	0.0	0.0
416	ENSMUSG00000033027	Klrc3	0.0	0.0	0.0
417	ENSMUSG00000034456	Uroc1	0.04	0.0	0.0425
418	ENSMUSG00000036463	4930544G11Rik	0.0	0.0	0.0
419	ENSMUSG00000036899	Trpv5	0.0	0.0	0.0
420	ENSMUSG00000036938	Try5	0.0	0.0	0.0
421	ENSMUSG00000037159	Wee2	0.0	0.0	0.0525
422	ENSMUSG00000039215	Svs1	0.085	0.175	0.0875
423	ENSMUSG00000041791	Capza3	0.0	0.0	0.0
424	ENSMUSG00000042279	H1f8	0.0	0.04	0.0925
425	ENSMUSG00000042717	Ppp1r3a	0.0	0.0	0.0
426	ENSMUSG00000043119	Olfr448	0.0	0.0	0.0
427	ENSMUSG00000043298	Smco3	0.1	0.0975	0.1225
428	ENSMUSG00000043605	Olfr13	0.0	0.0	0.0
429	ENSMUSG00000043832	Clec4a3	0.0875	0.0775	0.0
430	ENSMUSG00000043865	Tas2r118	0.0	0.0	0.0
431	ENSMUSG00000043931	Gimap7	0.0	0.0	0.0
432	ENSMUSG00000043932	Klri2	0.0	0.0	0.0
433	ENSMUSG00000044248	Vmn1r45	0.0	0.0	0.0
434	ENSMUSG00000044378	Slc15a5	0.0	0.0	0.0375
435	ENSMUSG00000045514	Olfr460	0.0	0.0	0.0
436	ENSMUSG00000045708	Olfr447	0.0	0.0	0.0
437	ENSMUSG00000047102	Tas2r139	0.0	0.0	0.0
438	ENSMUSG00000047203	Vmn1r54	0.0	0.0	0.0
439	ENSMUSG00000047420	Fam180a	0.0	0.235	0.1775
440	ENSMUSG00000047720	Clec2m	0.0375	0.0	0.0525
441	ENSMUSG00000048693	Olfr435	0.0	0.0	0.0
442	ENSMUSG00000048697	Vmn1r26	0.0	0.0	0.0
443	ENSMUSG00000049093	Il23r	0.0	0.0	0.0
444	ENSMUSG00000049168	Olfr449	0.0	0.0	0.0
445	ENSMUSG00000049694	BC048671	0.0	0.0	0.0
446	ENSMUSG00000050654	Olfr215	0.0	0.0	0.0
447	ENSMUSG00000051046	Olfr214	0.0	0.0425	0.0
448	ENSMUSG00000051153	Tas2r105	0.0	0.0	0.0
449	ENSMUSG00000051896	Tex37	0.0	0.0	0.0
450	ENSMUSG00000051917	Tas2r144	0.0	0.0	0.0
451	ENSMUSG00000051936	Prss58	0.0	0.0	0.0
452	ENSMUSG00000051956	Rnf133	0.0	0.0	0.0
453	ENSMUSG00000052736	Klrc2	0.0	0.0	0.0
454	ENSMUSG00000052955	Cpvl	0.0	0.0	0.0
455	ENSMUSG00000053063	Clec12a	0.0	0.0	0.0
456	ENSMUSG00000053217	Tas2r136	0.0	0.0	0.0
457	ENSMUSG00000053251	Olfr212	0.0	0.0	0.0
458	ENSMUSG00000053389	Tas2r107	0.0	0.0	0.0
459	ENSMUSG00000053391	Olfr211	0.0	0.0	0.0
460	ENSMUSG00000054106	Try4	0.0	0.0	0.0
461	ENSMUSG00000054422	Fabp1	0.0635	0.0	0.0
462	ENSMUSG00000054446	Cpa1	0.08	0.0	0.0875
463	ENSMUSG00000054497	Tas2r130	0.0	0.0	0.0
464	ENSMUSG00000055594	5530400C23Rik	0.0	0.0	0.0
465	ENSMUSG00000056197	4931417E11Rik	0.0475	0.0	0.05
466	ENSMUSG00000056901	Tas2r102	0.0	0.0	0.0
467	ENSMUSG00000056926	Tas2r113	0.0	0.0	0.0
468	ENSMUSG00000057163	Prss2	0.0	0.0	0.0
469	ENSMUSG00000057381	Tas2r123	0.0	0.0	0.0
470	ENSMUSG00000057699	Tas2r131	0.0	0.0	0.0
471	ENSMUSG00000057754	Tas2r106	0.0	0.0	0.0
472	ENSMUSG00000057981	Vmn1r12	0.0	0.0	0.0
473	ENSMUSG00000058119	Gm5771	0.0	0.0	0.0
474	ENSMUSG00000058295	Prp2	0.0	0.0	0.0
475	ENSMUSG00000058349	Tas2r117	0.0	0.0	0.0
476	ENSMUSG00000058499	Pip	0.0	0.0	0.0
477	ENSMUSG00000059201	Lep	0.2625	0.27	0.295
478	ENSMUSG00000059375	Vmn1r33	0.0	0.0	0.0
479	ENSMUSG00000059382	Tas2r120	0.0	0.0	0.0
480	ENSMUSG00000059410	Tas2r125	0.0	0.0	0.0
481	ENSMUSG00000059411	Olfr434	0.0	0.0	0.0
482	ENSMUSG00000059639	Clec4a4	0.0	0.0	0.0
483	ENSMUSG00000059654	Reg1	0.0	0.0	0.0
484	ENSMUSG00000059908	Mug1	0.0	0.0	0.0
485	ENSMUSG00000059934	Prh1	0.0	0.0	0.0
486	ENSMUSG00000060412	Tas2r124	0.0	0.0	0.0
487	ENSMUSG00000060699	Vmn1r35	0.0	0.0	0.0
488	ENSMUSG00000061208	Vmn1r8	0.0	0.0	0.0
489	ENSMUSG00000061653	Vmn1r46	0.0	0.0	0.0
490	ENSMUSG00000061769	Klra6	0.0	0.0	0.0
491	ENSMUSG00000061977	Tas2r104	0.0	0.0	0.0
492	ENSMUSG00000062528	Tas2r109	0.0	0.0	0.0
493	ENSMUSG00000062694	Cav3	0.0475	0.105	0.1025
494	ENSMUSG00000062751	Prss1	0.0	0.0	0.0
495	ENSMUSG00000062818	Vmn1r51	0.0	0.0	0.0
496	ENSMUSG00000062833	Sval3	0.0	0.0	0.0
497	ENSMUSG00000062952	Tas2r110	0.0	0.0	0.0
498	ENSMUSG00000063252	Gm4744	0.0	0.0	0.0
499	ENSMUSG00000063478	Tas2r114	0.0	0.0	0.0
500	ENSMUSG00000063762	Tas2r129	0.0	0.0	0.0
501	ENSMUSG00000064259	Vmn1r13	0.0	0.0	0.0
502	ENSMUSG00000067292	Gm10203	0.113	0.1205	0.0505
503	ENSMUSG00000067541	A630073D07Rik	0.0	0.0	0.0
504	ENSMUSG00000067543	Prb1	0.0	0.0	0.0
505	ENSMUSG00000067591	Klra3	0.0	0.0	0.0
506	ENSMUSG00000067599	Klra7	0.0	0.0	0.0
507	ENSMUSG00000067610	Klri1	0.0	0.0	0.0
508	ENSMUSG00000067767	Clec4b2	0.0	0.0	0.0
509	ENSMUSG00000068181	Gm10234	0.0	0.0	0.0
510	ENSMUSG00000068231	Vmn1r43	0.0	0.0475	0.0
511	ENSMUSG00000068232	Vmn1r42	0.0	0.0475	0.0
512	ENSMUSG00000068234	Vmn1r44	0.0	0.0	0.0
513	ENSMUSG00000068302	Noto	0.1975	0.1725	0.2075
514	ENSMUSG00000068341	Reg3d	0.0	0.0	0.0
515	ENSMUSG00000068536	Doxl2	0.0	0.0475	0.0
516	ENSMUSG00000068574	Olfr458	0.0	0.0	0.0
517	ENSMUSG00000071147	Tas2r140	0.0	0.0	0.0
518	ENSMUSG00000071149	Tas2r115	0.0	0.0	0.0
519	ENSMUSG00000071150	Tas2r121	0.0	0.0	0.0
520	ENSMUSG00000071158	Klrh1	0.0	0.0	0.0
521	ENSMUSG00000071356	Reg3b	0.0	0.0	0.0
522	ENSMUSG00000071428	Vmn1r27	0.0	0.0	0.0
523	ENSMUSG00000071481	Olfr437	0.0	0.0	0.0
524	ENSMUSG00000071517	Gm10334	0.0	0.0	0.0
525	ENSMUSG00000071519	Prss3	0.0	0.0	0.0
526	ENSMUSG00000071521	Try10	0.0	0.0	0.0
527	ENSMUSG00000072718	Klra10	0.0	0.0	0.0
528	ENSMUSG00000072778	Vmn2r27	0.0	0.0	0.0
529	ENSMUSG00000072780	Vmn2r24	0.0	0.0	0.0
530	ENSMUSG00000073110	Olfr444	0.0	0.0	0.0
531	ENSMUSG00000073111	Olfr446	0.0	0.0	0.0
532	ENSMUSG00000078280	Tas2r122	0.0	0.0	0.0
533	ENSMUSG00000079264	Gm11077	0.0	0.0	0.0
534	ENSMUSG00000079298	Klrb1b	0.0	0.0	0.0
535	ENSMUSG00000079299	Klrb1	0.0	0.0	0.0
536	ENSMUSG00000079346	1700013D24Rik	0.0	0.0	0.0
537	ENSMUSG00000079494	Nat8f5	0.0	0.0	0.0
538	ENSMUSG00000079516	Reg3a	0.0	0.0	0.0
539	ENSMUSG00000079679	Vwde	0.0375	0.07	0.19
540	ENSMUSG00000079852	Klra4	0.0	0.0	0.0
541	ENSMUSG00000079853	Klra1	0.0	0.0	0.0
542	ENSMUSG00000081649	Olfr213	0.0	0.0	0.0
543	ENSMUSG00000084927	Gm5724	0.0	0.0	0.0
544	ENSMUSG00000089727	Klra8	0.0	0.0	0.0
545	ENSMUSG00000090346	Vmn1r5	0.0	0.0	0.0
546	ENSMUSG00000090667	Gm765	0.0	0.0	0.0
547	ENSMUSG00000090685	Atp6v1fnb	0.0	0.0	0.045
548	ENSMUSG00000091260	Vmn2r19	0.0	0.0	0.0
549	ENSMUSG00000091382	Vmn1r18	0.0	0.0	0.0
550	ENSMUSG00000091541	Vmn1r9	0.0	0.0	0.0
551	ENSMUSG00000091620	Vmn2r23	0.0	0.0	0.0
552	ENSMUSG00000092004	Gm17482	0.0525	0.04	0.055
553	ENSMUSG00000092047	Gm17631	0.0	0.0	0.0
554	ENSMUSG00000092164	Rergl	0.0	0.0	0.0
555	ENSMUSG00000093696	Vmn1r7	0.0	0.0	0.0
556	ENSMUSG00000093755	Vmn1r39	0.0	0.0	0.0
557	ENSMUSG00000093820	Vmn2r21	0.0	0.0	0.0
558	ENSMUSG00000094113	5430401F13Rik	0.0	0.0	0.0
559	ENSMUSG00000094145	Vmn2r20	0.0	0.0	0.0
560	ENSMUSG00000094192	Olfr452	0.0	0.0	0.0
561	ENSMUSG00000094200	Olfr237	0.0	0.0	0.0
562	ENSMUSG00000094669	Olfr441	0.0	0.0	0.0
563	ENSMUSG00000094672	Vmn2r25	0.0	0.0	0.0
564	ENSMUSG00000094808	1810009J06Rik	0.0	0.0	0.0
565	ENSMUSG00000095236	Olfr38	0.0	0.0	0.0
566	ENSMUSG00000095486	Vmn2r22	0.0	0.0	0.0
567	ENSMUSG00000095577	Gm6619	0.0	0.0	0.0
568	ENSMUSG00000095670	Vmn1r30	0.0	0.0	0.0
569	ENSMUSG00000095831	Olfr453	0.0	0.0	0.0
570	ENSMUSG00000095932	Vmn1r49	0.0	0.0	0.0
571	ENSMUSG00000096051	Vmn1r40	0.0	0.0	0.0
572	ENSMUSG00000096525	Gm2663	0.0	0.0	0.0
573	ENSMUSG00000096630	Vmn2r26	0.0	0.0	0.0
574	ENSMUSG00000107588	Gm45021	0.0	0.0	0.0475
575	ENSMUSG00000107789	Gm44965	0.3025	0.36	0.5275
576	ENSMUSG00000107872	Gm44511	0.0	0.0	0.0
577	ENSMUSG00000107874	Prpmp5	0.0	0.0	0.0
578	ENSMUSG00000108022	Gm7298	0.0	0.0	0.0
579	ENSMUSG00000000435	Myf5	0.0	0.111	0.1885
580	ENSMUSG00000005355	Casp14	0.0	0.0	0.045
581	ENSMUSG00000009070	Rsph14	0.0	0.0	0.0975
582	ENSMUSG00000009093	Gstt4	0.0	0.0	0.0
583	ENSMUSG00000015519	2310057J18Rik	0.0	0.0	0.0
584	ENSMUSG00000019762	Iyd	0.0425	0.0425	0.121
585	ENSMUSG00000019772	Vip	0.095	0.1175	0.09
586	ENSMUSG00000019787	Trdn	0.0	0.0	0.0
587	ENSMUSG00000019815	Zc2hc1b	0.0	0.0	0.0
588	ENSMUSG00000019834	Slc22a16	0.0475	0.0425	0.0875
589	ENSMUSG00000019936	Epyc	0.0	0.0	0.0
590	ENSMUSG00000019945	Cabcoco1	0.0825	0.0625	0.07
591	ENSMUSG00000020007	Il20ra	0.1775	0.165	0.295
592	ENSMUSG00000020010	Vnn3	0.0	0.0	0.0
593	ENSMUSG00000020081	Tacr2	0.145	0.16	0.15
594	ENSMUSG00000020096	Tbata	0.0365	0.0365	0.0425
595	ENSMUSG00000020125	Elane	0.14	0.15	0.0975
596	ENSMUSG00000020213	Glipr1l1	0.045	0.12	0.255
597	ENSMUSG00000020214	Glipr1l2	0.0	0.0	0.0
598	ENSMUSG00000020229	Slc5a4a	0.0475	0.0	0.0
599	ENSMUSG00000020323	Prss57	0.0	0.0	0.0
600	ENSMUSG00000025396	Hsd17b6	0.0	0.0425	0.06
601	ENSMUSG00000025400	Tac2	0.0	0.09	0.038
602	ENSMUSG00000034833	Tespa1	0.0	0.0	0.0
603	ENSMUSG00000035923	Myf6	0.0525	0.0	0.067
604	ENSMUSG00000037424	Taar9	0.0	0.2175	0.12
605	ENSMUSG00000039508	Calhm4	0.0	0.0	0.0
606	ENSMUSG00000039760	Il22ra2	0.0	0.0	0.0
607	ENSMUSG00000040134	Rdh7	0.0	0.0	0.0375
608	ENSMUSG00000042774	Olfr1353	0.0	0.0	0.0
609	ENSMUSG00000042801	Olfr769	0.0	0.0	0.0
610	ENSMUSG00000042940	9230106D20Rik	0.0	0.0	0.05
611	ENSMUSG00000044025	Olfr790	0.0	0.0	0.0
612	ENSMUSG00000044293	Olfr794	0.0	0.0	0.0
613	ENSMUSG00000044581	4932415D10Rik	0.0	0.0	0.0
614	ENSMUSG00000044624	Gm4922	0.0	0.0	0.0
615	ENSMUSG00000044897	Olfr821	0.0	0.0	0.0
616	ENSMUSG00000045111	Taar6	0.0	0.0	0.0
617	ENSMUSG00000045559	Olfr827	0.0	0.0	0.0
618	ENSMUSG00000046041	Olfr803	0.0	0.0	0.0
619	ENSMUSG00000046493	Olfr1352	0.0	0.0	0.0
620	ENSMUSG00000047626	Olfr791	0.0	0.0	0.0
621	ENSMUSG00000047868	Olfr770	0.0	0.0	0.0
622	ENSMUSG00000048745	Olfr820	0.0	0.0	0.0
623	ENSMUSG00000049052	Olfr812	0.0	0.0	0.0
624	ENSMUSG00000049217	Olfr788	0.0	0.0	0.0
625	ENSMUSG00000049573	Olfr780	0.0	0.0	0.0
626	ENSMUSG00000049894	Olfr808	0.0	0.0	0.0
627	ENSMUSG00000050108	Bpifc	0.0	0.0	0.0
628	ENSMUSG00000050198	Olfr768	0.0	0.0	0.0
629	ENSMUSG00000050251	Olfr809	0.0	0.0	0.0
630	ENSMUSG00000050478	Olfr807	0.0	0.0	0.0
631	ENSMUSG00000050994	Adgb	0.0925	0.13	0.115
632	ENSMUSG00000051190	Olfr1356	0.0	0.0	0.0
633	ENSMUSG00000052012	Olfr796	0.0	0.0	0.0
634	ENSMUSG00000052818	Olfr813	0.0	0.0	0.0
635	ENSMUSG00000054052	Rdh19	0.0	0.0	0.0
636	ENSMUSG00000055170	Ifng	0.0	0.0	0.0475
637	ENSMUSG00000055515	Vmn2r81	0.0	0.0	0.0
638	ENSMUSG00000056148	Rdh9	0.0	0.0	0.0475
639	ENSMUSG00000056853	Olfr765	0.0	0.0	0.0
640	ENSMUSG00000056912	1700017N19Rik	0.0	0.0	0.0
641	ENSMUSG00000058071	Olfr818	0.0	0.0	0.0
642	ENSMUSG00000058084	Olfr825	0.0	0.0	0.0
643	ENSMUSG00000058251	Olfr822	0.0	0.0	0.0
644	ENSMUSG00000058513	Olfr801	0.0	0.0	0.0
645	ENSMUSG00000059134	Olfr814	0.0	0.0	0.0
646	ENSMUSG00000059762	Olfr767	0.0	0.0	0.0
647	ENSMUSG00000059763	Taar2	0.0	0.045	0.13
648	ENSMUSG00000059862	Olfr826	0.0	0.0	0.0
649	ENSMUSG00000061367	Olfr771	0.0	0.0	0.0
650	ENSMUSG00000061780	Cfd	0.105	0.0625	0.0
651	ENSMUSG00000061961	Olfr815	0.0	0.0	0.0
652	ENSMUSG00000062224	4933411G06Rik	0.0	0.0	0.0
653	ENSMUSG00000062593	Gm49339	0.0	0.0	0.0
654	ENSMUSG00000062873	Olfr1355	0.0	0.0	0.0
655	ENSMUSG00000062914	Olfr777	0.0	0.0	0.0
656	ENSMUSG00000063173	Olfr811	0.0	0.0	0.0
657	ENSMUSG00000063374	Olfr763	0.0	0.0	0.0
658	ENSMUSG00000063428	Ddo	0.0	0.0875	0.0925
659	ENSMUSG00000063715	Olfr816	0.0	0.0	0.0
660	ENSMUSG00000069421	Olfr810	0.0	0.0	0.0
661	ENSMUSG00000069430	Olfr9	0.0	0.0	0.0
662	ENSMUSG00000069515	Lyz1	0.0	0.0425	0.0
663	ENSMUSG00000069516	Lyz2	0.0	0.0	0.0375
664	ENSMUSG00000069518	Gm10271	0.0575	0.0	0.0
665	ENSMUSG00000069582	Krtap10-4	0.07	0.1775	0.105
666	ENSMUSG00000069583	Krtap12-1	0.0	0.019	0.0
667	ENSMUSG00000069584	Gm10272	0.0	0.0	0.0
668	ENSMUSG00000069668	Sult3a1	0.0	0.0	0.0
669	ENSMUSG00000069706	Taar5	0.0475	0.0475	0.1425
670	ENSMUSG00000069707	Taar4	0.0475	0.0475	0.0
671	ENSMUSG00000069708	Taar3	0.0	0.0	0.0
672	ENSMUSG00000071065	Olfr806	0.0	0.0	0.0
673	ENSMUSG00000071340	Trappc3l	0.0	0.0	0.11
674	ENSMUSG00000071392	Ect2l	0.0	0.07	0.06
675	ENSMUSG00000071434	9230019H11Rik	0.0	0.0	0.0
676	ENSMUSG00000074639	Rdh16f2	0.0	0.0	0.045
677	ENSMUSG00000074695	Il22	0.0	0.0	0.0
678	ENSMUSG00000074776	Gm10754	0.0	0.0	0.0
679	ENSMUSG00000074919	Gm10787	0.0	0.0	0.0
680	ENSMUSG00000075184	F930017D23Rik	0.0775	0.0	0.1
681	ENSMUSG00000078430	Gm10936	0.0625	0.0	0.0
682	ENSMUSG00000078442	Ccdc105	0.0725	0.22	0.295
683	ENSMUSG00000078481	Gm10944	0.0	0.0	0.0
684	ENSMUSG00000078488	Gm10945	0.0	0.0	0.0
685	ENSMUSG00000079183	C030005K15Rik	0.0	0.0	0.0
686	ENSMUSG00000090298	Sult3a2	0.0	0.0	0.0
687	ENSMUSG00000090308	Gm5174	0.0	0.0	0.0
688	ENSMUSG00000090461	Iltifb	0.0	0.0	0.0
689	ENSMUSG00000090816	Gm6729	0.0	0.0	0.0
690	ENSMUSG00000091381	Vmn2r83	0.0	0.0	0.0
691	ENSMUSG00000091455	Otogl	0.0	0.0375	0.0
692	ENSMUSG00000091468	Vmn2r82	0.0	0.0	0.0
693	ENSMUSG00000091526	BB019430	0.0	0.0	0.0
694	ENSMUSG00000091731	Gm17542	0.0	0.0	0.0
695	ENSMUSG00000091888	Vmn2r80	0.0	0.0	0.0
696	ENSMUSG00000092162	Vmn2r86	0.0	0.0	0.0
697	ENSMUSG00000093866	Olfr802	0.0	0.0	0.0
698	ENSMUSG00000094012	Gm10024	0.0	0.0	0.0
699	ENSMUSG00000094080	Olfr8	0.0	0.0	0.0
700	ENSMUSG00000094120	Gm3233	0.0	0.0	0.0
701	ENSMUSG00000094146	Gm10142	0.0375	0.0	0.0
702	ENSMUSG00000094186	Gm1553	0.0	0.0	0.0
703	ENSMUSG00000094347	Olfr784	0.0	0.0	0.0
704	ENSMUSG00000094496	Olfr792	0.0	0.0	0.0
705	ENSMUSG00000094673	Olfr1354	0.0	0.0	0.0
706	ENSMUSG00000094734	Olfr799	0.0	0.0	0.0
707	ENSMUSG00000094913	Gm9507	0.0	0.1325	0.0675
708	ENSMUSG00000095002	Olfr798	0.0	0.0	0.0
709	ENSMUSG00000095075	Olfr782	0.0	0.0	0.0
710	ENSMUSG00000095138	Olfr781	0.0	0.0	0.0
711	ENSMUSG00000095171	Taar7b	0.0	0.0	0.0
712	ENSMUSG00000095401	Olfr804	0.0	0.0	0.0
713	ENSMUSG00000095483	Olfr776	0.0	0.0	0.0
714	ENSMUSG00000095569	Taar7d	0.0	0.0	0.0
715	ENSMUSG00000095593	Gm7138	0.0	0.0	0.0
716	ENSMUSG00000095647	Taar7a	0.0	0.0	0.0
717	ENSMUSG00000095696	Olfr786	0.0	0.0	0.0
718	ENSMUSG00000095721	Gm7137	0.0525	0.0	0.0
719	ENSMUSG00000095804	Olfr824	0.0	0.0	0.0
720	ENSMUSG00000095817	Gm3238	0.0625	0.0	0.0575
721	ENSMUSG00000095970	Gm19402	0.21	0.2475	0.15
722	ENSMUSG00000096000	Olfr773	0.0	0.0	0.0
723	ENSMUSG00000096220	Olfr775	0.0	0.0	0.0
724	ENSMUSG00000096229	Olfr774	0.0	0.0	0.0
725	ENSMUSG00000096380	Gm19668	0.1075	0.075	0.0925
726	ENSMUSG00000096421	Gm10100	0.165	0.1	0.325
727	ENSMUSG00000096442	Taar8a	0.0	0.0	0.0
728	ENSMUSG00000096481	Gm3250	0.0	0.0	0.0
729	ENSMUSG00000096546	Smlr1	0.0	0.0	0.0
730	ENSMUSG00000096747	Olfr823	0.0	0.0	0.0475
731	ENSMUSG00000096858	Olfr805	0.0	0.0	0.0
732	ENSMUSG00000097704	Gm26741	0.0	0.0	0.0
733	ENSMUSG00000097854	Gm26602	0.0	0.0	0.0
734	ENSMUSG00000100004	Taar8c	0.0	0.0	0.0
735	ENSMUSG00000100186	Taar8b	0.0	0.0	0.0
736	ENSMUSG00000100689	Taar7e	0.0	0.0	0.0
737	ENSMUSG00000100950	Taar7f	0.0	0.0	0.0
738	ENSMUSG00000107662	Olfr772	0.0	0.0	0.0
739	ENSMUSG00000108114	Olfr800	0.0	0.0	0.0
740	ENSMUSG00000000394	Gcg	0.0	0.0	0.0475
741	ENSMUSG00000016998	Svs4	0.0	0.0	0.0
742	ENSMUSG00000017000	Svs6	0.0	0.0	0.0
743	ENSMUSG00000017002	Slpi	0.1775	0.2425	0.4125
744	ENSMUSG00000017003	Svs3a	0.0	0.0	0.0
745	ENSMUSG00000017004	Svs5	0.0	0.0	0.0475
746	ENSMUSG00000017300	Tnnc2	0.0	0.045	0.0
747	ENSMUSG00000017310	Spint4	0.0	0.0	0.04
748	ENSMUSG00000017733	Eppin	0.0	0.0	0.0
749	ENSMUSG00000017767	Spata25	0.152	0.022	0.12
750	ENSMUSG00000018211	Wfdc15b	0.0	0.0	0.0
751	ENSMUSG00000023210	Lcn9	0.0	0.0675	0.0
752	ENSMUSG00000025716	Myo3a	0.07	0.1475	0.1475
753	ENSMUSG00000025838	Pramel6	0.0	0.0	0.0
754	ENSMUSG00000026645	Olah	0.0	0.0	0.0
755	ENSMUSG00000026650	Meig1	0.0	0.0	0.0
756	ENSMUSG00000026668	Ucma	0.0475	0.0425	0.0475
757	ENSMUSG00000026734	4921504E06Rik	0.0	0.1675	0.245
758	ENSMUSG00000026828	Galnt5	0.0425	0.07	0.0775
759	ENSMUSG00000026830	Ermn	0.0	0.0	0.0
760	ENSMUSG00000026835	Fcnb	0.0	0.05	0.0
761	ENSMUSG00000026874	Hc	0.0	0.0	0.0
762	ENSMUSG00000026882	4930568D16Rik	0.0	0.0	0.0
763	ENSMUSG00000026919	Lcn4	0.0	0.0	0.0
764	ENSMUSG00000026936	Lcn3	0.0	0.0	0.0
765	ENSMUSG00000026937	Lcn5	0.0475	0.055	0.0
766	ENSMUSG00000026943	Lcn12	0.1525	0.065	0.065
767	ENSMUSG00000026984	Il1f6	0.0	0.0	0.0
768	ENSMUSG00000026985	Il1f8	0.0	0.0	0.0
769	ENSMUSG00000026989	Dapl1	0.0	0.0675	0.04
770	ENSMUSG00000027072	Prg3	0.0	0.0	0.0
771	ENSMUSG00000027073	Prg2	0.0	0.0	0.0
772	ENSMUSG00000027120	Fshb	0.0	0.0	0.0
773	ENSMUSG00000027157	A26c3	0.0	0.0	0.0
774	ENSMUSG00000027224	Duoxa1	0.085	0.31	0.33
775	ENSMUSG00000027261	Hao1	0.0	0.0	0.0
776	ENSMUSG00000027301	Oxt	0.045	0.2155	0.273
777	ENSMUSG00000027322	Siglec1	0.0375	0.0375	0.15
778	ENSMUSG00000027355	Tmco5	0.0	0.0	0.0
779	ENSMUSG00000027403	Tgm6	0.0	0.0	0.06
780	ENSMUSG00000027431	Scp2d1	0.0	0.0	0.0525
781	ENSMUSG00000027442	Cst8	0.0	0.0	0.0
782	ENSMUSG00000027443	Cst12	0.0	0.0	0.0
783	ENSMUSG00000027444	Cstdc1	0.0	0.0	0.0
784	ENSMUSG00000027445	Cst9	0.0	0.0	0.0
785	ENSMUSG00000027446	Cstdc2	0.0	0.0	0.0425
786	ENSMUSG00000027468	Defb22	0.045	0.0	0.1175
787	ENSMUSG00000027480	Sun5	0.0	0.0	0.0
788	ENSMUSG00000027481	Bpifb2	0.045	0.065	0.08
789	ENSMUSG00000027482	Bpifa3	0.0	0.0925	0.0
790	ENSMUSG00000027483	Bpifa1	0.0	0.0	0.0
791	ENSMUSG00000027484	Bpifa5	0.0	0.0	0.0
792	ENSMUSG00000027485	Bpifb1	0.0	0.0	0.0
793	ENSMUSG00000027505	Fam209	0.2235	0.1435	0.065
794	ENSMUSG00000027513	Pck1	0.0	0.13	0.07
795	ENSMUSG00000027517	Ankrd60	0.0725	0.13	0.1475
796	ENSMUSG00000027518	1700021F07Rik	0.06	0.0	0.0
797	ENSMUSG00000027643	Ghrh	0.28	0.095	0.1
798	ENSMUSG00000033156	Cst10	0.0	0.0	0.0
799	ENSMUSG00000033498	Strc	0.0	0.0	0.0
800	ENSMUSG00000033850	Olfr1015	0.0	0.0	0.0
801	ENSMUSG00000034552	Zswim2	0.0	0.1275	0.1725
802	ENSMUSG00000035238	Kcnk15	0.2175	0.1725	0.18
803	ENSMUSG00000036401	Glt6d1	0.0	0.0	0.0
804	ENSMUSG00000036449	Lcn8	0.0	0.0	0.0
805	ENSMUSG00000036805	Noxa1	0.155	0.1775	0.27
806	ENSMUSG00000036924	Cst13	0.0	0.0	0.0
807	ENSMUSG00000036949	Slc39a12	0.0	0.0	0.0
808	ENSMUSG00000036958	Cst11	0.0	0.0	0.0
809	ENSMUSG00000037254	Itih2	0.0	0.0	0.0
810	ENSMUSG00000037307	Banf2	0.0	0.0	0.0
811	ENSMUSG00000037683	Armc3	0.0925	0.1675	0.125
812	ENSMUSG00000037727	Avp	0.235	0.3075	0.355
813	ENSMUSG00000039092	Sptlc3	0.0	0.0	0.0
814	ENSMUSG00000040132	Svs2	0.0	0.0	0.0
815	ENSMUSG00000040154	Wfdc5	0.0	0.032	0.055
816	ENSMUSG00000041255	Tmco5b	0.0	0.0	0.0
817	ENSMUSG00000042459	Bpifa2	0.0	0.0	0.0
818	ENSMUSG00000042796	Olfr1032	0.0	0.0	0.0
819	ENSMUSG00000042845	Wfdc12	0.0	0.0	0.065
820	ENSMUSG00000042863	Olfr1026	0.0	0.0	0.0
821	ENSMUSG00000042894	Olfr1260	0.0	0.0	0.0
822	ENSMUSG00000043226	Olfr1009	0.0	0.0	0.0
823	ENSMUSG00000043267	Olfr1031	0.0	0.0	0.0
824	ENSMUSG00000043583	4930470P17Rik	0.0	0.0	0.0375
825	ENSMUSG00000043727	F830045P16Rik	0.0	0.0	0.0
826	ENSMUSG00000043892	Olfr1018	0.0	0.0	0.0
827	ENSMUSG00000044039	Olfr1288	0.0	0.0	0.0
828	ENSMUSG00000044213	Olfr1094	0.0	0.0	0.0
829	ENSMUSG00000044249	Defb29	0.0575	0.0	0.095
830	ENSMUSG00000044405	Adig	0.0475	0.11	0.2725
831	ENSMUSG00000044487	Olfr1112	0.0	0.0	0.0
832	ENSMUSG00000044560	Olfr1302	0.0	0.0	0.0
833	ENSMUSG00000044923	Olfr1030	0.0	0.0	0.0
834	ENSMUSG00000045148	Olfr1255	0.0	0.0	0.0
835	ENSMUSG00000045150	Olfr1161	0.0	0.0	0.0
836	ENSMUSG00000045225	Olfr1152	0.0	0.0	0.0
837	ENSMUSG00000045684	Lcn6	0.0	0.0	0.0375
838	ENSMUSG00000046804	Phgr1	0.0	0.0	0.0
839	ENSMUSG00000046845	Il1f10	0.0	0.0	0.0
840	ENSMUSG00000046975	Olfr1020	0.0	0.0	0.0
841	ENSMUSG00000047039	Olfr1151	0.0	0.0	0.0
842	ENSMUSG00000047149	Olfr1052	0.0	0.0	0.0
843	ENSMUSG00000047356	Lcn10	0.0	0.0625	0.1555
844	ENSMUSG00000047594	Olfr1122	0.0	0.0	0.0
845	ENSMUSG00000047969	Olfr1093	0.0	0.0	0.0
846	ENSMUSG00000048197	Olfr1153	0.0	0.0	0.0
847	ENSMUSG00000048226	Olfr1212	0.0	0.0	0.0
848	ENSMUSG00000049018	Olfr368	0.0	0.0	0.0
849	ENSMUSG00000049057	Olfr1257	0.0	0.0	0.0
850	ENSMUSG00000049149	Olfr1258	0.0	0.0	0.0
851	ENSMUSG00000049315	Olfr348	0.0	0.0	0.0
852	ENSMUSG00000049372	Olfr1183	0.0	0.0	0.0
853	ENSMUSG00000049560	Defb20	0.0	0.0	0.0
854	ENSMUSG00000049843	Olfr1102	0.0	0.0	0.0
855	ENSMUSG00000050015	Olfr350	0.0	0.0	0.0
856	ENSMUSG00000050023	Olfr1176	0.0	0.0	0.0
857	ENSMUSG00000050128	Olfr1023	0.0	0.0	0.0
858	ENSMUSG00000050383	Svs3b	0.0	0.0	0.0
859	ENSMUSG00000050468	Astl	0.045	0.0715	0.18
860	ENSMUSG00000050603	Olfr1008	0.0	0.0	0.0
861	ENSMUSG00000050645	Defb19	0.06	0.055	0.0775
862	ENSMUSG00000050772	Olfr1124	0.0	0.0	0.0
863	ENSMUSG00000051313	Olfr1262	0.0	0.0	0.0
864	ENSMUSG00000051424	Olfr1184	0.0	0.0	0.0
865	ENSMUSG00000051769	Wfdc15a	0.0525	0.0975	0.0
866	ENSMUSG00000052922	Bpi	0.06	0.0	0.06
867	ENSMUSG00000053146	Olfr352	0.0	0.0	0.0
868	ENSMUSG00000053287	Olfr1013	0.0	0.0	0.0
869	ENSMUSG00000053896	4933409G03Rik	0.0	0.0475	0.0
870	ENSMUSG00000055088	Olfr354	0.0	0.0	0.0
871	ENSMUSG00000055838	Olfr357	0.0	0.0	0.0
872	ENSMUSG00000056115	Tas2r134	0.0	0.0	0.0
873	ENSMUSG00000056544	Defb21	0.105	0.056	0.036
874	ENSMUSG00000056995	Olfr1178	0.0	0.0	0.0
875	ENSMUSG00000057047	1700010B08Rik	0.0	0.0	0.0
876	ENSMUSG00000057149	Olfr1301	0.0	0.0	0.0
877	ENSMUSG00000057207	Olfr1028	0.0	0.0	0.0
878	ENSMUSG00000057447	Olfr1205	0.0	0.0	0.0
879	ENSMUSG00000057735	Olfr1185-ps1	0.0	0.0	0.0
880	ENSMUSG00000057761	Olfr1022	0.0	0.0	0.0
881	ENSMUSG00000058194	Olfr1126	0.0	0.0	0.0
882	ENSMUSG00000058884	Olfr1025-ps1	0.0	0.0	0.0
883	ENSMUSG00000059023	Olfr1201	0.0	0.0	0.0
884	ENSMUSG00000059112	Olfr1263	0.0	0.0	0.0
885	ENSMUSG00000059205	Olfr1130	0.0	0.0	0.0
886	ENSMUSG00000059251	Olfr345	0.0	0.0	0.0
887	ENSMUSG00000059379	Olfr1014	0.0	0.0	0.0
888	ENSMUSG00000059429	Olfr365	0.0	0.0	0.0
889	ENSMUSG00000059625	Sohlh1	0.06	0.124	0.0775
890	ENSMUSG00000059873	Olfr1029	0.0	0.0	0.0
891	ENSMUSG00000059910	Olfr1265	0.0	0.0	0.0
892	ENSMUSG00000060332	Tmc2	0.0	0.0	0.0475
893	ENSMUSG00000060742	Olfr1076	0.0	0.0	0.0
894	ENSMUSG00000060827	Olfr1193	0.0	0.0	0.0
895	ENSMUSG00000061171	Slc38a11	0.095	0.1325	0.0675
896	ENSMUSG00000061195	Olfr1289	0.0	0.0	0.0
897	ENSMUSG00000061295	Olfr1261	0.0	0.0	0.0
898	ENSMUSG00000061342	Olfr1168	0.0	0.0	0.0
899	ENSMUSG00000061525	4921509C19Rik	0.0375	0.0	0.0
900	ENSMUSG00000061798	Olfr1204	0.0	0.0	0.0
901	ENSMUSG00000061809	Tbpl2	0.0	0.0	0.0
902	ENSMUSG00000061875	Olfr1148	0.0	0.0	0.0
903	ENSMUSG00000062061	Obp2a	0.0	0.0	0.008
904	ENSMUSG00000062124	Defb45	0.0	0.0	0.09
905	ENSMUSG00000062272	Olfr1129	0.0	0.0	0.0
906	ENSMUSG00000062651	H2al2a	0.0	0.0	0.0
907	ENSMUSG00000062757	Olfr1206	0.0	0.0	0.0
908	ENSMUSG00000062793	Olfr1158	0.0	0.0	0.0
909	ENSMUSG00000063507	Gm1330	0.0	0.0	0.0
910	ENSMUSG00000063844	Olfr1276	0.0	0.0	0.0
911	ENSMUSG00000064084	Olfr1202	0.0	0.0	0.0
912	ENSMUSG00000067704	Wfdc13	0.0	0.0375	0.0
913	ENSMUSG00000068008	Bpifb3	0.1175	0.1075	0.186
914	ENSMUSG00000068009	Bpifb6	0.0475	0.0	0.0
915	ENSMUSG00000068647	Olfr1278	0.0	0.0	0.0
916	ENSMUSG00000068806	Olfr1259	0.0	0.0	0.0
917	ENSMUSG00000068808	Olfr1189	0.0	0.0	0.0
918	ENSMUSG00000068809	Olfr1188	0.0	0.0	0.0
919	ENSMUSG00000068810	Olfr1187-ps1	0.0	0.0	0.0
920	ENSMUSG00000068814	Olfr1145	0.0	0.0	0.0
921	ENSMUSG00000068815	Olfr1143	0.0	0.0	0.0
922	ENSMUSG00000068816	Olfr152	0.0	0.0	0.0
923	ENSMUSG00000068817	Olfr1140	0.0	0.0	0.0
924	ENSMUSG00000068818	Olfr1132	0.0	0.0	0.0
925	ENSMUSG00000068819	Olfr1131	0.0	0.0	0.0
926	ENSMUSG00000068947	Olfr366	0.0	0.0	0.0
927	ENSMUSG00000068950	Olfr338	0.0	0.0	0.0
928	ENSMUSG00000069080	Lcn11	0.0775	0.0	0.0475
929	ENSMUSG00000070530	Wfdc16	0.0	0.0	0.0
930	ENSMUSG00000070531	Wfdc6b	0.0	0.0	0.0
931	ENSMUSG00000070719	Pla2g4d	0.0375	0.0	0.05
932	ENSMUSG00000070852	Olfr1121	0.0	0.0	0.0
933	ENSMUSG00000070853	Olfr1150-ps1	0.0	0.0	0.0
934	ENSMUSG00000070855	Olfr1116	0.0	0.0	0.0
935	ENSMUSG00000070856	Olfr1115	0.0	0.0	0.0
936	ENSMUSG00000070857	Olfr1113	0.0	0.0	0.0
937	ENSMUSG00000070875	Olfr1100	0.0	0.0	0.0
938	ENSMUSG00000070943	Olfr356	0.0	0.0	0.0
939	ENSMUSG00000074593	Spint5	0.0	0.0	0.0
940	ENSMUSG00000074594	Wfdc9	0.11	0.0825	0.1075
941	ENSMUSG00000074595	Wfdc6a	0.0	0.0375	0.0425
942	ENSMUSG00000074596	Spint3	0.0	0.04	0.0
943	ENSMUSG00000074623	Gm826	0.055	0.0	0.1
944	ENSMUSG00000074628	Tldc2	0.0775	0.1125	0.0475
945	ENSMUSG00000074665	Bpifb4	0.04	0.04	0.0475
946	ENSMUSG00000074678	Defb25	0.04	0.0425	0.0115
947	ENSMUSG00000074679	Defb28	0.0	0.0	0.0
948	ENSMUSG00000074680	Defb26	0.0	0.0	0.0
949	ENSMUSG00000074681	Defb23	0.0	0.0	0.0
950	ENSMUSG00000074704	Rad21l	0.0	0.0	0.0
951	ENSMUSG00000074764	Sel1l2	0.0	0.0425	0.045
952	ENSMUSG00000074812	Spdye4c	0.0	0.0	0.0
953	ENSMUSG00000074837	Gm10770	0.0	0.0	0.0
954	ENSMUSG00000074945	Olfr1314	0.0	0.0	0.0
955	ENSMUSG00000074946	Olfr1313	0.0	0.0	0.0
956	ENSMUSG00000074947	Olfr1312	0.0	0.0	0.0
957	ENSMUSG00000074952	Olfr1308	0.0	0.0	0.0
958	ENSMUSG00000074955	Olfr1305	0.0	0.0	0.0
959	ENSMUSG00000074965	Olfr1277	0.0	0.0	0.0
960	ENSMUSG00000074966	Olfr1275	0.0	0.0	0.0
961	ENSMUSG00000075006	Gm10799	0.0	0.0	0.0
962	ENSMUSG00000075061	Olfr1272	0.0	0.0	0.0
963	ENSMUSG00000075062	Olfr1271	0.0	0.0	0.0
964	ENSMUSG00000075063	Olfr142	0.0	0.0	0.0
965	ENSMUSG00000075064	Olfr1506	0.0	0.0	0.0
966	ENSMUSG00000075065	Olfr1270	0.0	0.0	0.0
967	ENSMUSG00000075067	Olfr1267-ps1	0.0	0.0	0.0
968	ENSMUSG00000075068	Olfr140	0.0	0.0	0.0
969	ENSMUSG00000075072	Olfr48	0.0	0.0	0.0
970	ENSMUSG00000075073	Olfr1256	0.0	0.0	0.0
971	ENSMUSG00000075074	Olfr1254	0.0	0.0	0.0
972	ENSMUSG00000075075	Olfr1253	0.0	0.0	0.0
973	ENSMUSG00000075078	Olfr1250	0.0	0.0	0.0
974	ENSMUSG00000075079	Olfr1249	0.0	0.0	0.0
975	ENSMUSG00000075081	Olfr1247	0.0	0.0	0.0
976	ENSMUSG00000075084	Olfr1243	0.0	0.0	0.0
977	ENSMUSG00000075085	Olfr1242	0.0	0.0	0.0
978	ENSMUSG00000075086	Olfr1241	0.0	0.0	0.0
979	ENSMUSG00000075088	Olfr1239	0.0	0.0	0.0
980	ENSMUSG00000075090	Olfr1234	0.0	0.0	0.0
981	ENSMUSG00000075091	Olfr1233	0.0	0.0	0.0
982	ENSMUSG00000075092	Olfr1232	0.0	0.0	0.0
983	ENSMUSG00000075093	Olfr1231	0.0	0.0	0.0
984	ENSMUSG00000075094	Olfr1230	0.0	0.0	0.04
985	ENSMUSG00000075095	Olfr1229	0.0	0.0	0.0
986	ENSMUSG00000075097	Olfr1226	0.0	0.0	0.0
987	ENSMUSG00000075099	Olfr1224-ps1	0.0	0.0	0.0
988	ENSMUSG00000075100	Olfr1223	0.0	0.0	0.0
989	ENSMUSG00000075101	Olfr1222	0.0	0.0	0.0
990	ENSMUSG00000075102	Olfr1221	0.0	0.0	0.0
991	ENSMUSG00000075104	Olfr1219	0.0	0.0	0.0
992	ENSMUSG00000075105	Olfr1218	0.0	0.0	0.0
993	ENSMUSG00000075107	Olfr1216	0.0	0.0	0.0
994	ENSMUSG00000075110	Olfr1214	0.0	0.0	0.0
995	ENSMUSG00000075111	Olfr1213	0.0	0.0	0.0
996	ENSMUSG00000075112	Olfr1211	0.0	0.0	0.0
997	ENSMUSG00000075113	Olfr1209	0.0	0.0	0.0
998	ENSMUSG00000075114	Olfr1208	0.0	0.0	0.0
999	ENSMUSG00000075115	Olfr1200	0.0	0.0	0.0
1000	ENSMUSG00000075117	Olfr1198	0.0	0.0	0.0
1001	ENSMUSG00000075119	Olfr1197	0.0	0.0	0.0
1002	ENSMUSG00000075120	Olfr1196	0.0	0.0	0.0
1003	ENSMUSG00000075121	Olfr1195	0.0	0.0	0.0
1004	ENSMUSG00000075125	Olfr1181	0.0	0.0	0.0
1005	ENSMUSG00000075126	Olfr475-ps1	0.0	0.0	0.0
1006	ENSMUSG00000075127	Olfr1179	0.0	0.0	0.0
1007	ENSMUSG00000075132	Olfr1173	0.0	0.0	0.0
1008	ENSMUSG00000075133	Olfr1170	0.0	0.0	0.0
1009	ENSMUSG00000075136	Olfr1164	0.0	0.0	0.0
1010	ENSMUSG00000075137	Olfr1163	0.0	0.0	0.0
1011	ENSMUSG00000075139	Olfr1162	0.0	0.0	0.0
1012	ENSMUSG00000075140	Olfr73	0.0	0.0	0.0
1013	ENSMUSG00000075141	Olfr1160	0.0	0.0	0.0
1014	ENSMUSG00000075142	Olfr74	0.0	0.0	0.0
1015	ENSMUSG00000075143	Olfr1157	0.0	0.0	0.0
1016	ENSMUSG00000075144	Olfr1156	0.0	0.0	0.0
1017	ENSMUSG00000075145	Olfr1155	0.0	0.0	0.0
1018	ENSMUSG00000075146	Olfr1154	0.0	0.0	0.0
1019	ENSMUSG00000075148	Olfr1141	0.0	0.0	0.0
1020	ENSMUSG00000075149	Olfr1138	0.0	0.0	0.0
1021	ENSMUSG00000075150	Olfr1137	0.0	0.0	0.0
1022	ENSMUSG00000075151	Olfr1136	0.0	0.0	0.0
1023	ENSMUSG00000075153	Olfr1135	0.0	0.0	0.0
1024	ENSMUSG00000075155	Olfr1133	0.0	0.0	0.0
1025	ENSMUSG00000075156	Olfr1128	0.0	0.0	0.0
1026	ENSMUSG00000075158	Olfr1111	0.0	0.0	0.0
1027	ENSMUSG00000075159	Olfr1110	0.0	0.0	0.0
1028	ENSMUSG00000075160	Olfr259	0.0	0.0	0.0
1029	ENSMUSG00000075161	Olfr1109	0.0	0.0	0.0
1030	ENSMUSG00000075163	Olfr1107	0.0	0.0	0.0
1031	ENSMUSG00000075164	Olfr1106	0.0	0.0	0.0
1032	ENSMUSG00000075165	Olfr1105	0.0	0.0	0.0
1033	ENSMUSG00000075166	Olfr1104	0.0	0.0	0.0
1034	ENSMUSG00000075167	Olfr1101	0.0	0.0	0.0
1035	ENSMUSG00000075168	Olfr1099	0.0	0.0	0.0
1036	ENSMUSG00000075169	Olfr1098	0.0	0.0	0.0
1037	ENSMUSG00000075170	Olfr1097	0.0	0.0	0.0
1038	ENSMUSG00000075171	Olfr1095	0.0	0.0	0.0
1039	ENSMUSG00000075172	Olfr1090	0.0	0.0	0.0
1040	ENSMUSG00000075174	Olfr1087	0.0	0.0	0.0
1041	ENSMUSG00000075175	Olfr1086	0.0	0.0	0.0
1042	ENSMUSG00000075176	Olfr1085	0.0	0.0	0.0
1043	ENSMUSG00000075179	Olfr1079	0.0	0.0	0.0
1044	ENSMUSG00000075181	Olfr1066	0.0	0.0	0.0
1045	ENSMUSG00000075185	Olfr1061	0.0	0.0	0.0
1046	ENSMUSG00000075186	Olfr1058	0.0	0.0	0.0
1047	ENSMUSG00000075187	Olfr1057	0.0	0.0	0.0
1048	ENSMUSG00000075188	Olfr1056	0.0	0.0	0.0
1049	ENSMUSG00000075189	Olfr1055	0.0	0.0	0.0
1050	ENSMUSG00000075190	Olfr1054	0.0	0.0	0.0
1051	ENSMUSG00000075192	Olfr1053	0.0	0.0	0.0
1052	ENSMUSG00000075193	Olfr1051	0.0	0.0	0.0
1053	ENSMUSG00000075194	Olfr1049	0.0	0.0	0.0
1054	ENSMUSG00000075195	Olfr1048	0.0	0.0	0.0
1055	ENSMUSG00000075196	Olfr1047	0.0	0.0	0.0
1056	ENSMUSG00000075197	Olfr1046	0.0	0.0	0.0
1057	ENSMUSG00000075198	Olfr1045	0.0	0.0	0.0
1058	ENSMUSG00000075199	Olfr52	0.0	0.0	0.0
1059	ENSMUSG00000075200	Olfr1044	0.0	0.0	0.0
1060	ENSMUSG00000075201	Olfr1043	0.0	0.0	0.0
1061	ENSMUSG00000075202	Olfr1042	0.0	0.0	0.0
1062	ENSMUSG00000075203	Olfr1040	0.0	0.0	0.0
1063	ENSMUSG00000075204	Olfr1039	0.0	0.0	0.0
1064	ENSMUSG00000075205	Olfr1037	0.0	0.0	0.0
1065	ENSMUSG00000075206	Olfr1024	0.0	0.0	0.0
1066	ENSMUSG00000075208	Olfr1019	0.0	0.0	0.0
1067	ENSMUSG00000075209	Olfr1016	0.0	0.0	0.0
1068	ENSMUSG00000075210	Olfr1012	0.0	0.0	0.0
1069	ENSMUSG00000075211	Olfr1006	0.0	0.0	0.0
1070	ENSMUSG00000075212	Olfr154	0.0	0.0	0.0
1071	ENSMUSG00000075214	Olfr1002	0.0	0.0	0.0
1072	ENSMUSG00000075215	Olfr1000	0.0	0.0	0.0
1073	ENSMUSG00000075217	Fads2b	0.0	0.0	0.0
1074	ENSMUSG00000075218	Olfr995	0.0	0.0	0.0
1075	ENSMUSG00000075219	Olfr994	0.0	0.0	0.0
1076	ENSMUSG00000075220	Olfr993	0.0	0.0	0.0
1077	ENSMUSG00000075221	Olfr992	0.0	0.0	0.0
1078	ENSMUSG00000075222	Olfr988	0.0	0.0	0.0
1079	ENSMUSG00000075223	Olfr987	0.0	0.0	0.0
1080	ENSMUSG00000075249	Fsip2	0.045	0.0	0.05
1081	ENSMUSG00000075267	Pjvk	0.3075	0.4255	0.5205
1082	ENSMUSG00000075377	Olfr362	0.0	0.0	0.0
1083	ENSMUSG00000075378	Olfr361	0.0	0.0	0.0
1084	ENSMUSG00000075379	Olfr358	0.0	0.0	0.0
1085	ENSMUSG00000075380	Olfr355	0.0	0.0	0.0
1086	ENSMUSG00000075382	Olfr353	0.0	0.0	0.0
1087	ENSMUSG00000075383	Olfr351	0.0	0.0	0.0
1088	ENSMUSG00000075384	Olfr3	0.0	0.0	0.0
1089	ENSMUSG00000075387	Olfr341	0.0	0.0	0.0
1090	ENSMUSG00000078197	Gm17374	0.0	0.0	0.0
1091	ENSMUSG00000078198	Olfr364-ps1	0.0	0.0	0.0
1092	ENSMUSG00000078420	Olfr141	0.0	0.0	0.0
1093	ENSMUSG00000078912	Gm11011	0.0	0.0	0.0
1094	ENSMUSG00000078935	1700025C18Rik	0.0	0.0625	0.0205
1095	ENSMUSG00000078940	Wfdc11	0.0	0.0	0.0
1096	ENSMUSG00000078956	Gm14221	0.0	0.0475	0.0
1097	ENSMUSG00000078972	Gm15557	0.0845	0.1	0.0
1098	ENSMUSG00000078998	Bpifa6	0.0	0.045	0.0
1099	ENSMUSG00000079005	Gm14147	0.0	0.0	0.0
1100	ENSMUSG00000079006	Gm14151	0.0	0.0	0.0
1101	ENSMUSG00000079039	Gm11037	0.0	0.0	0.0
1102	ENSMUSG00000079103	Tgm7	0.0	0.0	0.0
1103	ENSMUSG00000079169	Gm15130	0.0	0.0	0.0
1104	ENSMUSG00000079170	Gm13941	0.0	0.0	0.0
1105	ENSMUSG00000079175	Gm11060	0.0	0.0	0.0
1106	ENSMUSG00000079324	4932414N04Rik	0.0	0.0	0.0
1107	ENSMUSG00000079353	Gm11099	0.0	0.0	0.0
1108	ENSMUSG00000079421	4930402F06Rik	0.0	0.04	0.0
1109	ENSMUSG00000079539	Obp2b	0.0	0.0	0.0
1110	ENSMUSG00000083361	Olfr360	0.0	0.0	0.0
1111	ENSMUSG00000089732	Olfr1117-ps1	0.0	0.0	0.0
1112	ENSMUSG00000089859	Olfr1565	0.0	0.0	0.0
1113	ENSMUSG00000089892	Olfr1199	0.0	0.0	0.0
1114	ENSMUSG00000090059	Olfr1062	0.0	0.0	0.0
1115	ENSMUSG00000090097	Olfr1182	0.0	0.0	0.0
1116	ENSMUSG00000090485	Gm17416	0.0	0.0	0.0
1117	ENSMUSG00000091312	Gm17490	0.0	0.0	0.0
1118	ENSMUSG00000092123	Gm17581	0.0	0.0	0.0
1119	ENSMUSG00000093804	Olfr1303	0.0	0.0	0.0
1120	ENSMUSG00000094266	Olfr340	0.0	0.0	0.0
1121	ENSMUSG00000094464	Olfr339	0.0	0.0	0.0
1122	ENSMUSG00000094747	Olfr1307	0.0	0.0	0.0
1123	ENSMUSG00000094764	Olfr346	0.0	0.0	0.0
1124	ENSMUSG00000094858	Olfr1297	0.0	0.0	0.0
1125	ENSMUSG00000095156	Olfr1281	0.0	0.0	0.0
1126	ENSMUSG00000095586	Olfr1287	0.0	0.0	0.0
1127	ENSMUSG00000095809	Olfr1290	0.0	0.0	0.0
1128	ENSMUSG00000096240	Gm21830	0.0	0.0	0.0
1129	ENSMUSG00000096554	Olfr1282	0.0	0.0	0.0
1130	ENSMUSG00000096566	Olfr1306	0.0	0.0	0.0
1131	ENSMUSG00000096703	Olfr1286	0.0	0.0	0.0
1132	ENSMUSG00000096822	Olfr344	0.0	0.0	0.0
1133	ENSMUSG00000098004	Gm27027	0.0	0.0	0.0
1134	ENSMUSG00000098505	Gm14496	0.0	0.0	0.0
1135	ENSMUSG00000098794	Gm28038	0.045	0.0	0.0
1136	ENSMUSG00000099486	Olfr1228	0.0	0.0	0.0
1137	ENSMUSG00000099820	Olfr1036	0.0	0.0	0.0
1138	ENSMUSG00000100016	Olfr1215	0.0	0.0	0.0
1139	ENSMUSG00000100899	Olfr1167	0.0	0.0	0.0
1140	ENSMUSG00000101078	Olfr1166	0.0	0.0	0.0
1141	ENSMUSG00000101391	Olfr1217	0.0	0.0	0.0
1142	ENSMUSG00000101480	Olfr1220	0.0	0.0	0.0
1143	ENSMUSG00000101918	Olfr1225	0.0	0.0	0.0
1144	ENSMUSG00000102091	Olfr1034	0.0	0.0	0.0
1145	ENSMUSG00000000701	Tcl1b5	0.0	0.0	0.0
1146	ENSMUSG00000001225	Slc26a3	0.0	0.0	0.0
1147	ENSMUSG00000002565	Scin	0.175	0.1325	0.3075
1148	ENSMUSG00000020545	Lrrc72	0.0	0.0	0.0
1149	ENSMUSG00000020573	Pik3cg	0.0	0.0	0.0925
1150	ENSMUSG00000020581	Agr2	0.095	0.14	0.1425
1151	ENSMUSG00000020633	Dcdc2c	0.305	0.2425	0.3075
1152	ENSMUSG00000020636	Allc	0.0	0.0475	0.0
1153	ENSMUSG00000020651	Slc26a4	0.1175	0.235	0.3325
1154	ENSMUSG00000021101	4930408O17Rik	0.18	0.13	0.2875
1155	ENSMUSG00000021886	Gpr65	0.0	0.0	0.065
1156	ENSMUSG00000035148	Gpr33	0.0	0.0	0.0
1157	ENSMUSG00000036231	Agr3	0.0	0.0	0.0
1158	ENSMUSG00000041536	Serpina3a	0.0	0.0	0.0
1159	ENSMUSG00000041550	Serpina5	0.0	0.04	0.0975
1160	ENSMUSG00000041567	Serpina12	0.0	0.0	0.0
1161	ENSMUSG00000043319	Cox8c	0.085	0.13	0.0995
1162	ENSMUSG00000043945	Adam6a	0.0	0.0	0.0
1163	ENSMUSG00000046518	Ferd3l	0.1125	0.1325	0.42
1164	ENSMUSG00000047002	Msgn1	0.155	0.305	0.14
1165	ENSMUSG00000047014	Catsperb	0.0	0.0	0.0
1166	ENSMUSG00000048982	Gphb5	0.0	0.0075	0.0
1167	ENSMUSG00000051804	Adam6b	0.0	0.0	0.0
1168	ENSMUSG00000052221	Ppp1r36	0.1125	0.1525	0.1475
1169	ENSMUSG00000052376	4921508M14Rik	0.0	0.0	0.0
1170	ENSMUSG00000058260	Serpina9	0.0	0.0	0.0
1171	ENSMUSG00000059114	Lrrc74a	0.06	0.0	0.1225
1172	ENSMUSG00000060375	3110018I06Rik	0.0425	0.0	0.0
1173	ENSMUSG00000060863	Tcl1b2	0.0	0.0	0.06
1174	ENSMUSG00000063232	Serpina11	0.0	0.0475	0.0475
1175	ENSMUSG00000066027	Gm10436	0.0	0.0	0.0
1176	ENSMUSG00000066359	Tcl1b1	0.04	0.0	0.085
1177	ENSMUSG00000066361	Serpina3c	0.0	0.0	0.0
1178	ENSMUSG00000066364	Serpina3b	0.0	0.0	0.0
1179	ENSMUSG00000068940	Tcl1b3	0.0	0.0	0.0
1180	ENSMUSG00000071179	Serpina16	0.0	0.0	0.0635
1181	ENSMUSG00000071342	Lsmem1	0.0775	0.085	0.1775
1182	ENSMUSG00000072791	Abcb5	0.0	0.0	0.0
1183	ENSMUSG00000078984	Gm11027	0.0	0.0	0.0
1184	ENSMUSG00000079007	Tcl1b4	0.0	0.0	0.0
1185	ENSMUSG00000079013	Serpina3j	0.0	0.0	0.0
1186	ENSMUSG00000079061	Gm11042	0.0525	0.1725	0.205
1187	ENSMUSG00000087075	Lbhd2	0.1475	0.1775	0.255
1188	ENSMUSG00000089922	Gm43517	0.2	0.42	0.455
1189	ENSMUSG00000090843	Heatr4	0.0	0.0	0.0
1190	ENSMUSG00000091396	Spanxn4	0.0	0.0	0.0
1191	ENSMUSG00000091402	Rd3l	0.0605	0.0755	0.1025
1192	ENSMUSG00000092305	Prps1l1	0.0	0.0	0.04
1193	ENSMUSG00000095953	6030469F06Rik	0.0	0.0	0.0
1194	ENSMUSG00000096576	Oog1	0.0	0.0	0.0
1195	ENSMUSG00000096953	Gm26571	0.303	0.26	0.325
