	Chromosome	gene_id	Length	open_S2	Stage	gene_name
0	3	ENSMUSG00000000562	0.0	0.0	NC	Adora3
1	3	ENSMUSG00000001023	0.0	0.0	NC	S100a5
2	3	ENSMUSG00000001865	0.0	0.0	NC	Cpa3
3	3	ENSMUSG00000011008	746.0	0.373	NC	Mcoln2
4	3	ENSMUSG00000011463	0.0	0.0	NC	Cpb1
5	3	ENSMUSG00000012042	0.0	0.0	NC	4930579F01Rik
6	3	ENSMUSG00000015852	0.0	0.0	NC	Fcrls
7	3	ENSMUSG00000015854	0.0	0.0	NC	Cd5l
8	3	ENSMUSG00000023057	0.0	0.0	NC	Fabp2
9	3	ENSMUSG00000027528	0.0	0.0	NC	Fabp9
10	3	ENSMUSG00000027530	425.0	0.2125	NC	Fabp12
11	3	ENSMUSG00000027556	0.0	0.0	NC	Car1
12	3	ENSMUSG00000027564	0.0	0.0	NC	Cypt12
13	3	ENSMUSG00000027606	100.0	0.05	NC	Dnajc5b
14	3	ENSMUSG00000027761	0.0	0.0	NC	Aadac
15	3	ENSMUSG00000027762	120.0	0.06	NC	Sucnr1
16	3	ENSMUSG00000027776	415.0	0.2075	NC	Il12a
17	3	ENSMUSG00000027788	0.0	0.0	NC	Otol1
18	3	ENSMUSG00000027790	0.0	0.0	NC	Sis
19	3	ENSMUSG00000027801	215.0	0.1075	NC	Tm4sf4
20	3	ENSMUSG00000027869	205.0	0.1025	NC	Hsd3b6
21	3	ENSMUSG00000027870	0.0	0.0	NC	Hao2
22	3	ENSMUSG00000027876	0.0	0.0	NC	Reg4
23	3	ENSMUSG00000027880	250.0	0.125	NC	Slc25a54
24	3	ENSMUSG00000027902	0.0	0.0	NC	Chil6
25	3	ENSMUSG00000027908	135.0	0.0675	NC	Tchhl1
26	3	ENSMUSG00000027912	80.0	0.04	NC	Lce1m
27	3	ENSMUSG00000027919	0.0	0.0	NC	Lce1g
28	3	ENSMUSG00000027923	0.0	0.0	NC	Lce1b
29	3	ENSMUSG00000027925	0.0	0.0	NC	Sprr2j-ps
30	3	ENSMUSG00000027927	95.0	0.0475	NC	Lelp1
31	3	ENSMUSG00000027973	0.0	0.0	NC	1700006A11Rik
32	3	ENSMUSG00000028004	770.0	0.385	NC	Npy2r
33	3	ENSMUSG00000028008	0.0	0.0	NC	Asic5
34	3	ENSMUSG00000028011	90.0	0.045	NC	Tdo2
35	3	ENSMUSG00000028116	95.0	0.0475	NC	Myoz2
36	3	ENSMUSG00000028148	235.0	0.1175	NC	Them5
37	3	ENSMUSG00000028174	0.0	0.0	NC	Rpe65
38	3	ENSMUSG00000028185	90.0	0.045	NC	Dnase2b
39	3	ENSMUSG00000034139	0.0	0.0	NC	Serpini2
40	3	ENSMUSG00000036951	0.0	0.0	NC	Aadacl2fm1
41	3	ENSMUSG00000037797	90.0	0.045	NC	Adh4
42	3	ENSMUSG00000038997	340.0	0.17	NC	Asb17
43	3	ENSMUSG00000039146	240.0	0.12	NC	Ifi44l
44	3	ENSMUSG00000039174	0.0	0.0	NC	1700003H04Rik
45	3	ENSMUSG00000039335	0.0	0.0	NC	Spata16
46	3	ENSMUSG00000039710	0.0	0.0	NC	Slc7a12
47	3	ENSMUSG00000040086	0.0	0.0	NC	Tnni3k
48	3	ENSMUSG00000040600	530.0	0.265	NC	Eps8l3
49	3	ENSMUSG00000040747	0.0	0.0	NC	Cd53
50	3	ENSMUSG00000040809	0.0	0.0	NC	Chil3
51	3	ENSMUSG00000042031	0.0	0.0	NC	Lce3b
52	3	ENSMUSG00000042092	0.0	0.0	NC	Lce1c
53	3	ENSMUSG00000042124	0.0	0.0	NC	Lce1f
54	3	ENSMUSG00000042157	0.0	0.0	NC	Sprr2i
55	3	ENSMUSG00000042212	0.0	0.0	NC	Sprr2d
56	3	ENSMUSG00000042244	0.0	0.0	NC	Pglyrp3
57	3	ENSMUSG00000042250	0.0	0.0	NC	Pglyrp4
58	3	ENSMUSG00000043020	700.0	0.35	NC	Wdr63
59	3	ENSMUSG00000043164	0.0	0.0	NC	Tmem212
60	3	ENSMUSG00000043441	166.0	0.083	NC	Gpr149
61	3	ENSMUSG00000043472	0.0	0.0	NC	Lce3d
62	3	ENSMUSG00000043529	0.0	0.0	NC	Olfr266
63	3	ENSMUSG00000043873	0.0	0.0	NC	Chil5
64	3	ENSMUSG00000045475	0.0	0.0	NC	Lce3c
65	3	ENSMUSG00000045539	0.0	0.0	NC	Sprr3
66	3	ENSMUSG00000045566	0.0	0.0	NC	Sprr4
67	3	ENSMUSG00000046259	0.0	0.0	NC	Sprr2h
68	3	ENSMUSG00000046676	0.0	0.0	NC	Lce1l
69	3	ENSMUSG00000047940	600.0	0.3	NC	Stpg2
70	3	ENSMUSG00000048031	0.0	0.0	NC	Fcrl5
71	3	ENSMUSG00000048455	0.0	0.0	NC	Sprr1b
72	3	ENSMUSG00000049128	0.0	0.0	NC	Ivl
73	3	ENSMUSG00000049133	0.0	0.0	NC	Flg2
74	3	ENSMUSG00000049349	873.0	0.4365	NC	Gm5105
75	3	ENSMUSG00000049593	120.0	0.06	NC	Lce1h
76	3	ENSMUSG00000050635	0.0	0.0	NC	Sprr2f
77	3	ENSMUSG00000051036	95.0	0.0475	NC	Ttc24
78	3	ENSMUSG00000051392	0.0	0.0	NC	Olfr1402
79	3	ENSMUSG00000051638	370.0	0.185	NC	Gm9857
80	3	ENSMUSG00000051788	0.0	0.0	NC	4930564D02Rik
81	3	ENSMUSG00000052468	0.0	0.0	NC	Pmp2
82	3	ENSMUSG00000053054	240.0	0.12	NC	Adh6a
83	3	ENSMUSG00000053706	765.0	0.3825	NC	B430305J03Rik
84	3	ENSMUSG00000054215	0.0	0.0	NC	Sprr2k
85	3	ENSMUSG00000054325	0.0	0.0	NC	Lce3a
86	3	ENSMUSG00000055030	0.0	0.0	NC	Sprr2e
87	3	ENSMUSG00000055138	75.0	0.0375	NC	Gm4861
88	3	ENSMUSG00000056054	0.0	0.0	NC	S100a8
89	3	ENSMUSG00000056071	90.0	0.045	NC	S100a9
90	3	ENSMUSG00000056270	0.0	0.0	NC	Prr9
91	3	ENSMUSG00000057609	0.0	0.0	NC	Lce1a1
92	3	ENSMUSG00000059832	0.0	0.0	NC	Kprp
93	3	ENSMUSG00000059994	0.0	0.0	NC	Fcrl1
94	3	ENSMUSG00000060913	0.0	0.0	NC	Trim55
95	3	ENSMUSG00000062200	66.0	0.033	NC	Vmn2r7
96	3	ENSMUSG00000062778	0.0	0.0	NC	Chia1
97	3	ENSMUSG00000063779	0.0	0.0	NC	Chil4
98	3	ENSMUSG00000063954	155.0	0.0775	NC	H2ac19
99	3	ENSMUSG00000068885	0.0	0.0	NC	Lce3f
100	3	ENSMUSG00000068887	0.0	0.0	NC	Lce1j
101	3	ENSMUSG00000068888	7.0	0.0035	NC	Lce1i
102	3	ENSMUSG00000068889	0.0	0.0	NC	Lce1e
103	3	ENSMUSG00000068890	0.0	0.0	NC	Lce1a2
104	3	ENSMUSG00000068999	0.0	0.0	NC	Vmn2r5
105	3	ENSMUSG00000069118	0.0	0.0	NC	1700008P02Rik
106	3	ENSMUSG00000070360	0.0	0.0	NC	Amy2a1
107	3	ENSMUSG00000074248	10.0	0.005	NC	4930432M17Rik
108	3	ENSMUSG00000074268	0.0	0.0	NC	Amy2a5
109	3	ENSMUSG00000074344	0.0	0.0	NC	Tmigd3
110	3	ENSMUSG00000074403	422.0	0.211	NC	H3c13
111	3	ENSMUSG00000074433	0.0	0.0	NC	Lce3e
112	3	ENSMUSG00000074435	0.0	0.0	NC	Smcp
113	3	ENSMUSG00000074486	95.0	0.0475	NC	Bglap2
114	3	ENSMUSG00000074591	0.0	0.0	NC	Ankub1
115	3	ENSMUSG00000074655	0.0	0.0	NC	Gm1527
116	3	ENSMUSG00000074677	0.0	0.0	NC	Sirpb1c
117	3	ENSMUSG00000078590	0.0	0.0	NC	Gm10959
118	3	ENSMUSG00000078604	1180.0	0.59	NC	Gm10961
119	3	ENSMUSG00000078620	336.0	0.168	NC	Gm10964
120	3	ENSMUSG00000078657	0.0	0.0	NC	Crnn
121	3	ENSMUSG00000078742	0.0	0.0	NC	Gm10985
122	3	ENSMUSG00000078780	0.0	0.0	NC	Gm5150
123	3	ENSMUSG00000078783	175.0	0.0875	NC	Gm9733
124	3	ENSMUSG00000080907	275.0	0.1375	NC	4930455H04Rik
125	3	ENSMUSG00000086848	0.0	0.0	NC	Lce6a
126	3	ENSMUSG00000089696	0.0	0.0	NC	Spopfm1
127	3	ENSMUSG00000090314	0.0	0.0	NC	2310050C09Rik
128	3	ENSMUSG00000090408	78.0	0.039	NC	Gm17402
129	3	ENSMUSG00000090441	0.0	0.0	NC	Gm17651
130	3	ENSMUSG00000090527	0.0	0.0	NC	Aadacl2fm2
131	3	ENSMUSG00000090581	0.0	0.0	NC	Vmn2r6
132	3	ENSMUSG00000091175	0.0	0.0	NC	S100a7l2
133	3	ENSMUSG00000091685	0.0	0.0	NC	Gm17359
134	3	ENSMUSG00000091721	0.0	0.0	NC	Gimd1
135	3	ENSMUSG00000094018	75.0	0.0375	NC	S100a2
136	3	ENSMUSG00000094084	0.0	0.0	NC	Tdpoz1
137	3	ENSMUSG00000094163	0.0	0.0	NC	Tdpoz5
138	3	ENSMUSG00000094487	0.0	0.0	NC	Gm21958
139	3	ENSMUSG00000094613	340.0	0.17	NC	A630076J17Rik
140	3	ENSMUSG00000094962	0.0	0.0	NC	Gm21954
141	3	ENSMUSG00000095028	0.0	0.0	NC	Sirpb1b
142	3	ENSMUSG00000095251	0.0	0.0	NC	Tdpoz7
143	3	ENSMUSG00000095522	0.0	0.0	NC	Aadacl2fm3
144	3	ENSMUSG00000095788	0.0	0.0	NC	Sirpb1a
145	3	ENSMUSG00000095822	0.0	0.0	NC	Gm9117
146	3	ENSMUSG00000095870	0.0	0.0	NC	Lce1k
147	3	ENSMUSG00000096621	0.0	0.0	NC	Gm5849
148	3	ENSMUSG00000102308	0.0	0.0	NC	2310046K23Rik
149	3	ENSMUSG00000103084	0.0	0.0	NC	Gm38119
150	3	ENSMUSG00000103124	0.0	0.0	NC	Gm37389
151	3	ENSMUSG00000103243	0.0	0.0	NC	Lce1d
152	3	ENSMUSG00000103350	0.0	0.0	NC	Tdpoz6
153	3	ENSMUSG00000103362	0.0	0.0	NC	Tdpoz2
154	3	ENSMUSG00000103523	0.0	0.0	NC	2210017I01Rik
155	3	ENSMUSG00000104301	0.0	0.0	NC	Wdr49
156	3	ENSMUSG00000105103	100.0	0.05	NC	Gm43191
157	3	ENSMUSG00000105518	545.0	0.2725	NC	Gm42674
158	3	ENSMUSG00000105827	790.0	0.395	NC	H2bc18
0	17	ENSMUSG00000004730	0.0	0.0	NC	Adgre1
1	17	ENSMUSG00000005824	110.0	0.055	NC	Tnfsf14
2	17	ENSMUSG00000014771	555.0	0.2775	NC	Pdcd2
3	17	ENSMUSG00000019489	495.0	0.2475	NC	Cd70
4	17	ENSMUSG00000021545	0.0	0.0	NC	1700067P10Rik
5	17	ENSMUSG00000023122	0.0	0.0	NC	Sult1c2
6	17	ENSMUSG00000023350	0.0	0.0	NC	Phf8-ps
7	17	ENSMUSG00000023802	0.0	0.0	NC	Nox3
8	17	ENSMUSG00000023829	185.0	0.0925	NC	Slc22a1
9	17	ENSMUSG00000023914	0.0	0.0	NC	Mep1a
10	17	ENSMUSG00000023926	0.0	0.0	NC	Rhag
11	17	ENSMUSG00000023930	0.0	0.0	NC	Crisp2
12	17	ENSMUSG00000023943	0.0	0.0	NC	Sult1c1
13	17	ENSMUSG00000023992	0.0	0.0	NC	Trem2
14	17	ENSMUSG00000023993	95.0	0.0475	NC	Treml1
15	17	ENSMUSG00000024028	0.0	0.0	NC	Tff2
16	17	ENSMUSG00000024034	205.0	0.1025	NC	Tmprss3
17	17	ENSMUSG00000024041	120.0	0.06	NC	Cryaa
18	17	ENSMUSG00000024066	75.0	0.0375	NC	Xdh
19	17	ENSMUSG00000024088	0.0	0.0	NC	4930583I09Rik
20	17	ENSMUSG00000024105	0.0	0.0	NC	Themis3
21	17	ENSMUSG00000024116	0.0	0.0	NC	Prss21
22	17	ENSMUSG00000024124	90.0	0.045	NC	Prss30
23	17	ENSMUSG00000024125	0.0	0.0	NC	Sbpl
24	17	ENSMUSG00000024128	0.0	0.0	NC	Sbp
25	17	ENSMUSG00000024171	240.0	0.12	NC	Prss28
26	17	ENSMUSG00000024173	0.0	0.0	NC	Tpsab1
27	17	ENSMUSG00000024175	260.0	0.13	NC	Tekt4
28	17	ENSMUSG00000024224	355.0	0.1775	NC	Clpsl2
29	17	ENSMUSG00000024340	0.0	0.0	NC	Btnl2
30	17	ENSMUSG00000024365	0.0	0.0	NC	Cyp21a1
31	17	ENSMUSG00000024448	0.0	0.0	NC	H2-M10.1
32	17	ENSMUSG00000025431	0.0	0.0	NC	Crisp1
33	17	ENSMUSG00000025433	0.0	0.0	NC	Crisp3
34	17	ENSMUSG00000029184	0.0	0.0	NC	Olfr109
35	17	ENSMUSG00000031233	0.0	0.0	NC	Pgk2
36	17	ENSMUSG00000032937	0.0	0.0	NC	Fshr
37	17	ENSMUSG00000033825	0.0	0.0	NC	Tpsb2
38	17	ENSMUSG00000034039	0.0	0.0	NC	Prss29
39	17	ENSMUSG00000035186	0.0	0.0	NC	Ubd
40	17	ENSMUSG00000035435	440.0	0.22	NC	Abca17
41	17	ENSMUSG00000036557	75.0	0.0375	NC	Stpg4
42	17	ENSMUSG00000036594	150.0	0.075	NC	H2-Aa
43	17	ENSMUSG00000037130	0.0	0.0	NC	H2-M10.6
44	17	ENSMUSG00000037246	0.0	0.0	NC	H2-M10.5
45	17	ENSMUSG00000037334	0.0	0.0	NC	H2-M1
46	17	ENSMUSG00000037537	0.0	0.0	NC	H2-M11
47	17	ENSMUSG00000037548	0.0	0.0	NC	H2-DMb2
48	17	ENSMUSG00000037689	85.0	0.0425	NC	Tmem247
49	17	ENSMUSG00000038541	490.0	0.245	NC	Srd5a2
50	17	ENSMUSG00000040899	0.0	0.0	NC	Ccr6
51	17	ENSMUSG00000040966	95.0	0.0475	NC	Slc22a2
52	17	ENSMUSG00000041293	0.0	0.0	NC	Adgrf1
53	17	ENSMUSG00000041538	0.0	0.0	NC	H2-Ob
54	17	ENSMUSG00000041565	565.0	0.2825	NC	L3mbtl4
55	17	ENSMUSG00000041754	95.0	0.0475	NC	Trem3
56	17	ENSMUSG00000042265	0.0	0.0	NC	Trem1
57	17	ENSMUSG00000042848	0.0	0.0	NC	Vmn1r226
58	17	ENSMUSG00000043312	0.0	0.0	NC	Olfr131
59	17	ENSMUSG00000043537	0.0	0.0	NC	Vmn1r225
60	17	ENSMUSG00000043740	0.0	0.0	NC	B430306N03Rik
61	17	ENSMUSG00000043827	0.0	0.0	NC	Olfr94
62	17	ENSMUSG00000043939	0.0	0.0	NC	A530064D06Rik
63	17	ENSMUSG00000044172	0.0	0.0	NC	Ptx4
64	17	ENSMUSG00000044375	238.0	0.119	NC	Pcare
65	17	ENSMUSG00000044985	0.0	0.0	NC	Olfr124
66	17	ENSMUSG00000045036	150.0	0.075	NC	Tmem232
67	17	ENSMUSG00000045202	0.0	0.0	NC	Olfr123
68	17	ENSMUSG00000045417	0.0	0.0	NC	Vmn1r230
69	17	ENSMUSG00000045575	0.0	0.0	NC	Vmn1r233
70	17	ENSMUSG00000045744	275.0	0.1375	NC	Bricd5
71	17	ENSMUSG00000045761	320.0	0.16	NC	Togaram2
72	17	ENSMUSG00000048062	0.0	0.0	NC	Fpr-rs4
73	17	ENSMUSG00000048231	0.0	0.0	NC	H2-M10.4
74	17	ENSMUSG00000049561	0.0	0.0	NC	Olfr95
75	17	ENSMUSG00000049618	0.0	0.0	NC	Olfr103
76	17	ENSMUSG00000050102	0.0	0.0	NC	Vmn1r235
77	17	ENSMUSG00000050613	0.0	0.0	NC	Olfr125
78	17	ENSMUSG00000050933	0.0	0.0	NC	Vmn1r231
79	17	ENSMUSG00000051611	0.0	0.0	NC	Olfr112
80	17	ENSMUSG00000051682	0.0	0.0	NC	Treml4
81	17	ENSMUSG00000052270	0.0	0.0	NC	Fpr2
82	17	ENSMUSG00000054128	715.0	0.3575	NC	H2-T3
83	17	ENSMUSG00000054142	0.0	0.0	NC	Vmn1r236
84	17	ENSMUSG00000054666	0.0	0.0	NC	Olfr63
85	17	ENSMUSG00000054940	0.0	0.0	NC	Olfr137
86	17	ENSMUSG00000056399	290.0	0.145	NC	Prss34
87	17	ENSMUSG00000056910	0.0	0.0	NC	Vmn2r107
88	17	ENSMUSG00000057203	0.0	0.0	NC	Vmn1r234
89	17	ENSMUSG00000057417	0.0	0.0	NC	Dcpp3
90	17	ENSMUSG00000057443	0.0	0.0	NC	Olfr138
91	17	ENSMUSG00000057801	0.0	0.0	NC	Olfr135
92	17	ENSMUSG00000058114	0.0	0.0	NC	Olfr127
93	17	ENSMUSG00000058124	0.0	0.0	NC	H2-M10.3
94	17	ENSMUSG00000058435	0.0	0.0	NC	Btnl4
95	17	ENSMUSG00000058802	0.0	0.0	NC	Olfr97
96	17	ENSMUSG00000059030	0.0	0.0	NC	Olfr128
97	17	ENSMUSG00000059481	0.0	0.0	NC	Plg
98	17	ENSMUSG00000059687	0.0	0.0	NC	Olfr108
99	17	ENSMUSG00000059964	0.0	0.0	NC	Olfr119
100	17	ENSMUSG00000060017	0.0	0.0	NC	Olfr121
101	17	ENSMUSG00000060245	0.0	0.0	NC	Vmn1r228
102	17	ENSMUSG00000060701	0.0	0.0	NC	Fpr-rs3
103	17	ENSMUSG00000061336	0.0	0.0	NC	Olfr116
104	17	ENSMUSG00000062165	0.0	0.0	NC	Vmn1r232
105	17	ENSMUSG00000062629	0.0	0.0	NC	Olfr114
106	17	ENSMUSG00000063188	0.0	0.0	NC	Olfr107
107	17	ENSMUSG00000063240	0.0	0.0	NC	Olfr133
108	17	ENSMUSG00000063994	0.0	0.0	NC	Olfr120
109	17	ENSMUSG00000064121	0.0	0.0	NC	Olfr96
110	17	ENSMUSG00000067186	0.0	0.0	NC	Olfr132
111	17	ENSMUSG00000067201	0.0	0.0	NC	H2-M9
112	17	ENSMUSG00000071033	200.0	0.1	NC	Gm10308
113	17	ENSMUSG00000071275	0.0	0.0	NC	Fpr-rs6
114	17	ENSMUSG00000071276	0.0	0.0	NC	Fpr-rs7
115	17	ENSMUSG00000072968	0.0	0.0	NC	Gm17728
116	17	ENSMUSG00000073375	95.0	0.0475	NC	Lrrc30
117	17	ENSMUSG00000073386	150.0	0.075	NC	9830107B12Rik
118	17	ENSMUSG00000073396	0.0	0.0	NC	Esp1
119	17	ENSMUSG00000073400	0.0	0.0	NC	Trim10
120	17	ENSMUSG00000073458	0.0	0.0	NC	Smok2a
121	17	ENSMUSG00000079333	0.0	0.0	NC	Gm11096
122	17	ENSMUSG00000079698	0.0	0.0	NC	Vmn2r93
123	17	ENSMUSG00000079700	0.0	0.0	NC	Fpr3
124	17	ENSMUSG00000080990	0.0	0.0	NC	Olfr118
125	17	ENSMUSG00000083947	0.0	0.0	NC	Olfr122
126	17	ENSMUSG00000090304	0.0	0.0	NC	Vmn2r99
127	17	ENSMUSG00000090315	0.0	0.0	NC	Vmn2r104
128	17	ENSMUSG00000090417	0.0	0.0	NC	Vmn2r94
129	17	ENSMUSG00000090509	90.0	0.045	NC	Sfta2
130	17	ENSMUSG00000090572	0.0	0.0	NC	Vmn2r109
131	17	ENSMUSG00000090588	0.0	0.0	NC	Gm9573
132	17	ENSMUSG00000090655	0.0	0.0	NC	Vmn2r120
133	17	ENSMUSG00000090675	0.0	0.0	NC	Olfr111
134	17	ENSMUSG00000090700	0.0	0.0	NC	Cyp4f40
135	17	ENSMUSG00000090747	0.0	0.0	NC	Esp8
136	17	ENSMUSG00000090894	0.0	0.0	NC	Olfr110
137	17	ENSMUSG00000090897	0.0	0.0	NC	Gm44501
138	17	ENSMUSG00000090966	0.0	0.0	NC	Vmn2r116
139	17	ENSMUSG00000091076	0.0	0.0	NC	Vmn2r115
140	17	ENSMUSG00000091151	0.0	0.0	NC	Vmn1r224
141	17	ENSMUSG00000091206	0.0	0.0	NC	Vmn2r91
142	17	ENSMUSG00000091259	0.0	0.0	NC	Vmn2r110
143	17	ENSMUSG00000091350	0.0	0.0	NC	Vmn2r92
144	17	ENSMUSG00000091407	0.0	0.0	NC	Vmn2r117
145	17	ENSMUSG00000091491	0.0	0.0	NC	Vmn2r97
146	17	ENSMUSG00000091504	0.0	0.0	NC	Vmn2r118
147	17	ENSMUSG00000091531	0.0	0.0	NC	Olfr102
148	17	ENSMUSG00000091631	0.0	0.0	NC	Vmn2r95
149	17	ENSMUSG00000091656	0.0	0.0	NC	Vmn2r106
150	17	ENSMUSG00000091670	0.0	0.0	NC	Vmn2r105
151	17	ENSMUSG00000091679	0.0	0.0	NC	Vmn2r96
152	17	ENSMUSG00000091771	0.0	0.0	NC	Vmn2r103
153	17	ENSMUSG00000091805	0.0	0.0	NC	Vmn2r108
154	17	ENSMUSG00000091859	0.0	0.0	NC	Vmn2r100
155	17	ENSMUSG00000091945	0.0	0.0	NC	Vmn2r114
156	17	ENSMUSG00000092043	0.0	0.0	NC	Esp6
157	17	ENSMUSG00000092077	0.0	0.0	NC	Olfr101
158	17	ENSMUSG00000092111	0.0	0.0	NC	Vmn2r113
159	17	ENSMUSG00000092120	0.0	0.0	NC	Vmn2r90
160	17	ENSMUSG00000092244	0.0	0.0	NC	Esp34
161	17	ENSMUSG00000092277	120.0	0.06	NC	Gm19684
162	17	ENSMUSG00000092292	0.0	0.0	NC	Olfr113
163	17	ENSMUSG00000092322	0.0	0.0	NC	Esp36
164	17	ENSMUSG00000092342	0.0	0.0	NC	Esp31
165	17	ENSMUSG00000092413	0.0	0.0	NC	Olfr115
166	17	ENSMUSG00000092609	0.0	0.0	NC	Gm20481
167	17	ENSMUSG00000092618	90.0	0.045	NC	Btnl6
168	17	ENSMUSG00000093922	0.0	0.0	NC	Rpl36-ps4
169	17	ENSMUSG00000093957	0.0	0.0	NC	Esp3
170	17	ENSMUSG00000094024	0.0	0.0	NC	Esp18
171	17	ENSMUSG00000094168	0.0	0.0	NC	Gm21903
172	17	ENSMUSG00000094396	0.0	0.0	NC	Vmn2r124
173	17	ENSMUSG00000094878	0.0	0.0	NC	Olfr130
174	17	ENSMUSG00000094892	0.0	0.0	NC	Vmn2r101
175	17	ENSMUSG00000094921	0.0	0.0	NC	Vmn2r112
176	17	ENSMUSG00000095093	0.0	0.0	NC	Vmn2r111
177	17	ENSMUSG00000095104	0.0	0.0	NC	Esp15
178	17	ENSMUSG00000095286	0.0	0.0	NC	Olfr117
179	17	ENSMUSG00000095540	0.0	0.0	NC	Esp4
180	17	ENSMUSG00000095625	0.0	0.0	NC	Esp24
181	17	ENSMUSG00000095658	0.0	0.0	NC	Vmn2r-ps130
182	17	ENSMUSG00000095886	0.0	0.0	NC	Esp38
183	17	ENSMUSG00000095961	0.0	0.0	NC	Vmn2r102
184	17	ENSMUSG00000096009	0.0	0.0	NC	Olfr134
185	17	ENSMUSG00000096278	0.0	0.0	NC	Dcpp2
186	17	ENSMUSG00000096345	0.0	0.0	NC	Esp16
187	17	ENSMUSG00000096445	0.0	0.0	NC	Dcpp1
188	17	ENSMUSG00000096697	0.0	0.0	NC	Esp23
189	17	ENSMUSG00000096717	0.0	0.0	NC	Vmn2r98
190	17	ENSMUSG00000096840	0.0	0.0	NC	Olfr136
191	17	ENSMUSG00000101361	0.0	0.0	NC	Gm7358
0	6	ENSMUSG00000002588	140.0	0.07	NC	Pon1
1	6	ENSMUSG00000003477	0.0	0.0	NC	Inmt
2	6	ENSMUSG00000004654	370.0	0.185	NC	Ghrhr
3	6	ENSMUSG00000008845	0.0	0.0	NC	Cd163
4	6	ENSMUSG00000014104	0.0	0.0	NC	Sval2
5	6	ENSMUSG00000014542	75.0	0.0375	NC	Clec4f
6	6	ENSMUSG00000014543	0.0	0.0	NC	Klra17
7	6	ENSMUSG00000018656	0.0	0.0	NC	Tcaf3
8	6	ENSMUSG00000023140	0.0	0.0	NC	Reg2
9	6	ENSMUSG00000023289	0.0	0.0	NC	Sva
10	6	ENSMUSG00000023349	0.0	0.0	NC	Clec4n
11	6	ENSMUSG00000029517	0.0	0.0	NC	Ankrd7
12	6	ENSMUSG00000029663	0.0	0.0	NC	Gngt1
13	6	ENSMUSG00000029678	0.0	0.0	NC	Hyal5
14	6	ENSMUSG00000029679	0.0	0.0	NC	Hyal6
15	6	ENSMUSG00000029680	0.0	0.0	NC	Hyal4
16	6	ENSMUSG00000029682	0.0	0.0	NC	Spam1
17	6	ENSMUSG00000029685	705.0	0.3525	NC	Asb15
18	6	ENSMUSG00000029697	1385.0	0.6925	NC	Fezf1
19	6	ENSMUSG00000029706	0.0	0.0	NC	Pax4
20	6	ENSMUSG00000029766	0.0	0.0	NC	1700012A03Rik
21	6	ENSMUSG00000029813	95.0	0.0475	NC	Doxl1
22	6	ENSMUSG00000029831	0.0	0.0	NC	Npvf
23	6	ENSMUSG00000029865	0.0	0.0	NC	Sval1
24	6	ENSMUSG00000029867	0.0	0.0	NC	Llcfc1
25	6	ENSMUSG00000029882	0.0	0.0	NC	2210010C04Rik
26	6	ENSMUSG00000029883	0.0	0.0	NC	1700074P13Rik
27	6	ENSMUSG00000029885	0.0	0.0	NC	Moxd2
28	6	ENSMUSG00000029909	0.0	0.0	NC	Prss37
29	6	ENSMUSG00000029915	0.0	0.0	NC	Clec5a
30	6	ENSMUSG00000030001	120.0	0.06	NC	Figla
31	6	ENSMUSG00000030004	111.0	0.0555	NC	Nat8
32	6	ENSMUSG00000030017	0.0	0.0	NC	Reg3g
33	6	ENSMUSG00000030047	200.0	0.1	NC	Arhgap25
34	6	ENSMUSG00000030109	500.0	0.25	NC	Slc6a12
35	6	ENSMUSG00000030125	785.0	0.3925	NC	Lrrc23
36	6	ENSMUSG00000030131	0.0	0.0	NC	Mug2
37	6	ENSMUSG00000030142	0.0	0.0	NC	Clec4e
38	6	ENSMUSG00000030143	0.0	0.0	NC	Gm8882
39	6	ENSMUSG00000030144	0.0	0.0	NC	Clec4d
40	6	ENSMUSG00000030147	0.0	0.0	NC	Clec4b1
41	6	ENSMUSG00000030148	0.0	0.0	NC	Clec4a2
42	6	ENSMUSG00000030149	0.0	0.0	NC	Klrk1
43	6	ENSMUSG00000030154	0.0	0.0	NC	Klrb1f
44	6	ENSMUSG00000030155	0.0	0.0	NC	Clec2e
45	6	ENSMUSG00000030156	0.0	0.0	NC	Cd69
46	6	ENSMUSG00000030158	0.0	0.0	NC	Clec12b
47	6	ENSMUSG00000030160	76.0	0.038	NC	Tmem52b
48	6	ENSMUSG00000030165	0.0	0.0	NC	Klrd1
49	6	ENSMUSG00000030167	0.0	0.0	NC	Klrc1
50	6	ENSMUSG00000030173	0.0	0.0	NC	Klra5
51	6	ENSMUSG00000030187	0.0	0.0	NC	Klra2
52	6	ENSMUSG00000030194	0.0	0.0	NC	Tas2r116
53	6	ENSMUSG00000030196	0.0	0.0	NC	Tas2r103
54	6	ENSMUSG00000030219	95.0	0.0475	NC	Erp27
55	6	ENSMUSG00000030230	0.0	0.0	NC	Plcz1
56	6	ENSMUSG00000030237	0.0	0.0	NC	Slco1a4
57	6	ENSMUSG00000030244	85.0	0.0425	NC	Gys2
58	6	ENSMUSG00000030292	0.0	0.0	NC	Smco2
59	6	ENSMUSG00000030325	0.0	0.0	NC	Klrb1c
60	6	ENSMUSG00000030345	490.0	0.245	NC	Dyrk4
61	6	ENSMUSG00000030361	125.0	0.0625	NC	Klrb1a
62	6	ENSMUSG00000030364	0.0	0.0	NC	Clec2h
63	6	ENSMUSG00000032758	0.0	0.0	NC	Kap
64	6	ENSMUSG00000033024	0.0	0.0	NC	Klra9
65	6	ENSMUSG00000033027	0.0	0.0	NC	Klrc3
66	6	ENSMUSG00000034456	85.0	0.0425	NC	Uroc1
67	6	ENSMUSG00000036463	0.0	0.0	NC	4930544G11Rik
68	6	ENSMUSG00000036899	0.0	0.0	NC	Trpv5
69	6	ENSMUSG00000036938	0.0	0.0	NC	Try5
70	6	ENSMUSG00000037159	105.0	0.0525	NC	Wee2
71	6	ENSMUSG00000039215	175.0	0.0875	NC	Svs1
72	6	ENSMUSG00000041791	0.0	0.0	NC	Capza3
73	6	ENSMUSG00000042279	185.0	0.0925	NC	H1f8
74	6	ENSMUSG00000042717	0.0	0.0	NC	Ppp1r3a
75	6	ENSMUSG00000043119	0.0	0.0	NC	Olfr448
76	6	ENSMUSG00000043298	245.0	0.1225	NC	Smco3
77	6	ENSMUSG00000043605	0.0	0.0	NC	Olfr13
78	6	ENSMUSG00000043832	0.0	0.0	NC	Clec4a3
79	6	ENSMUSG00000043865	0.0	0.0	NC	Tas2r118
80	6	ENSMUSG00000043931	0.0	0.0	NC	Gimap7
81	6	ENSMUSG00000043932	0.0	0.0	NC	Klri2
82	6	ENSMUSG00000044248	0.0	0.0	NC	Vmn1r45
83	6	ENSMUSG00000044378	75.0	0.0375	NC	Slc15a5
84	6	ENSMUSG00000045514	0.0	0.0	NC	Olfr460
85	6	ENSMUSG00000045708	0.0	0.0	NC	Olfr447
86	6	ENSMUSG00000047102	0.0	0.0	NC	Tas2r139
87	6	ENSMUSG00000047203	0.0	0.0	NC	Vmn1r54
88	6	ENSMUSG00000047420	355.0	0.1775	NC	Fam180a
89	6	ENSMUSG00000047720	105.0	0.0525	NC	Clec2m
90	6	ENSMUSG00000048693	0.0	0.0	NC	Olfr435
91	6	ENSMUSG00000048697	0.0	0.0	NC	Vmn1r26
92	6	ENSMUSG00000049093	0.0	0.0	NC	Il23r
93	6	ENSMUSG00000049168	0.0	0.0	NC	Olfr449
94	6	ENSMUSG00000049694	0.0	0.0	NC	BC048671
95	6	ENSMUSG00000050654	0.0	0.0	NC	Olfr215
96	6	ENSMUSG00000051046	0.0	0.0	NC	Olfr214
97	6	ENSMUSG00000051153	0.0	0.0	NC	Tas2r105
98	6	ENSMUSG00000051896	0.0	0.0	NC	Tex37
99	6	ENSMUSG00000051917	0.0	0.0	NC	Tas2r144
100	6	ENSMUSG00000051936	0.0	0.0	NC	Prss58
101	6	ENSMUSG00000051956	0.0	0.0	NC	Rnf133
102	6	ENSMUSG00000052736	0.0	0.0	NC	Klrc2
103	6	ENSMUSG00000052955	0.0	0.0	NC	Cpvl
104	6	ENSMUSG00000053063	0.0	0.0	NC	Clec12a
105	6	ENSMUSG00000053217	0.0	0.0	NC	Tas2r136
106	6	ENSMUSG00000053251	0.0	0.0	NC	Olfr212
107	6	ENSMUSG00000053389	0.0	0.0	NC	Tas2r107
108	6	ENSMUSG00000053391	0.0	0.0	NC	Olfr211
109	6	ENSMUSG00000054106	0.0	0.0	NC	Try4
110	6	ENSMUSG00000054422	0.0	0.0	NC	Fabp1
111	6	ENSMUSG00000054446	175.0	0.0875	NC	Cpa1
112	6	ENSMUSG00000054497	0.0	0.0	NC	Tas2r130
113	6	ENSMUSG00000055594	0.0	0.0	NC	5530400C23Rik
114	6	ENSMUSG00000056197	100.0	0.05	NC	4931417E11Rik
115	6	ENSMUSG00000056901	0.0	0.0	NC	Tas2r102
116	6	ENSMUSG00000056926	0.0	0.0	NC	Tas2r113
117	6	ENSMUSG00000057163	0.0	0.0	NC	Prss2
118	6	ENSMUSG00000057381	0.0	0.0	NC	Tas2r123
119	6	ENSMUSG00000057699	0.0	0.0	NC	Tas2r131
120	6	ENSMUSG00000057754	0.0	0.0	NC	Tas2r106
121	6	ENSMUSG00000057981	0.0	0.0	NC	Vmn1r12
122	6	ENSMUSG00000058119	0.0	0.0	NC	Gm5771
123	6	ENSMUSG00000058295	0.0	0.0	NC	Prp2
124	6	ENSMUSG00000058349	0.0	0.0	NC	Tas2r117
125	6	ENSMUSG00000058499	0.0	0.0	NC	Pip
126	6	ENSMUSG00000059201	590.0	0.295	NC	Lep
127	6	ENSMUSG00000059375	0.0	0.0	NC	Vmn1r33
128	6	ENSMUSG00000059382	0.0	0.0	NC	Tas2r120
129	6	ENSMUSG00000059410	0.0	0.0	NC	Tas2r125
130	6	ENSMUSG00000059411	0.0	0.0	NC	Olfr434
131	6	ENSMUSG00000059639	0.0	0.0	NC	Clec4a4
132	6	ENSMUSG00000059654	0.0	0.0	NC	Reg1
133	6	ENSMUSG00000059908	0.0	0.0	NC	Mug1
134	6	ENSMUSG00000059934	0.0	0.0	NC	Prh1
135	6	ENSMUSG00000060412	0.0	0.0	NC	Tas2r124
136	6	ENSMUSG00000060699	0.0	0.0	NC	Vmn1r35
137	6	ENSMUSG00000061208	0.0	0.0	NC	Vmn1r8
138	6	ENSMUSG00000061653	0.0	0.0	NC	Vmn1r46
139	6	ENSMUSG00000061769	0.0	0.0	NC	Klra6
140	6	ENSMUSG00000061977	0.0	0.0	NC	Tas2r104
141	6	ENSMUSG00000062528	0.0	0.0	NC	Tas2r109
142	6	ENSMUSG00000062694	205.0	0.1025	NC	Cav3
143	6	ENSMUSG00000062751	0.0	0.0	NC	Prss1
144	6	ENSMUSG00000062818	0.0	0.0	NC	Vmn1r51
145	6	ENSMUSG00000062833	0.0	0.0	NC	Sval3
146	6	ENSMUSG00000062952	0.0	0.0	NC	Tas2r110
147	6	ENSMUSG00000063252	0.0	0.0	NC	Gm4744
148	6	ENSMUSG00000063478	0.0	0.0	NC	Tas2r114
149	6	ENSMUSG00000063762	0.0	0.0	NC	Tas2r129
150	6	ENSMUSG00000064259	0.0	0.0	NC	Vmn1r13
151	6	ENSMUSG00000067292	101.0	0.0505	NC	Gm10203
152	6	ENSMUSG00000067541	0.0	0.0	NC	A630073D07Rik
153	6	ENSMUSG00000067543	0.0	0.0	NC	Prb1
154	6	ENSMUSG00000067591	0.0	0.0	NC	Klra3
155	6	ENSMUSG00000067599	0.0	0.0	NC	Klra7
156	6	ENSMUSG00000067610	0.0	0.0	NC	Klri1
157	6	ENSMUSG00000067767	0.0	0.0	NC	Clec4b2
158	6	ENSMUSG00000068181	0.0	0.0	NC	Gm10234
159	6	ENSMUSG00000068231	0.0	0.0	NC	Vmn1r43
160	6	ENSMUSG00000068232	0.0	0.0	NC	Vmn1r42
161	6	ENSMUSG00000068234	0.0	0.0	NC	Vmn1r44
162	6	ENSMUSG00000068302	415.0	0.2075	NC	Noto
163	6	ENSMUSG00000068341	0.0	0.0	NC	Reg3d
164	6	ENSMUSG00000068536	0.0	0.0	NC	Doxl2
165	6	ENSMUSG00000068574	0.0	0.0	NC	Olfr458
166	6	ENSMUSG00000071147	0.0	0.0	NC	Tas2r140
167	6	ENSMUSG00000071149	0.0	0.0	NC	Tas2r115
168	6	ENSMUSG00000071150	0.0	0.0	NC	Tas2r121
169	6	ENSMUSG00000071158	0.0	0.0	NC	Klrh1
170	6	ENSMUSG00000071356	0.0	0.0	NC	Reg3b
171	6	ENSMUSG00000071428	0.0	0.0	NC	Vmn1r27
172	6	ENSMUSG00000071481	0.0	0.0	NC	Olfr437
173	6	ENSMUSG00000071517	0.0	0.0	NC	Gm10334
174	6	ENSMUSG00000071519	0.0	0.0	NC	Prss3
175	6	ENSMUSG00000071521	0.0	0.0	NC	Try10
176	6	ENSMUSG00000072718	0.0	0.0	NC	Klra10
177	6	ENSMUSG00000072778	0.0	0.0	NC	Vmn2r27
178	6	ENSMUSG00000072780	0.0	0.0	NC	Vmn2r24
179	6	ENSMUSG00000073110	0.0	0.0	NC	Olfr444
180	6	ENSMUSG00000073111	0.0	0.0	NC	Olfr446
181	6	ENSMUSG00000078280	0.0	0.0	NC	Tas2r122
182	6	ENSMUSG00000079264	0.0	0.0	NC	Gm11077
183	6	ENSMUSG00000079298	0.0	0.0	NC	Klrb1b
184	6	ENSMUSG00000079299	0.0	0.0	NC	Klrb1
185	6	ENSMUSG00000079346	0.0	0.0	NC	1700013D24Rik
186	6	ENSMUSG00000079494	0.0	0.0	NC	Nat8f5
187	6	ENSMUSG00000079516	0.0	0.0	NC	Reg3a
188	6	ENSMUSG00000079679	380.0	0.19	NC	Vwde
189	6	ENSMUSG00000079852	0.0	0.0	NC	Klra4
190	6	ENSMUSG00000079853	0.0	0.0	NC	Klra1
191	6	ENSMUSG00000081649	0.0	0.0	NC	Olfr213
192	6	ENSMUSG00000084927	0.0	0.0	NC	Gm5724
193	6	ENSMUSG00000089727	0.0	0.0	NC	Klra8
194	6	ENSMUSG00000090346	0.0	0.0	NC	Vmn1r5
195	6	ENSMUSG00000090667	0.0	0.0	NC	Gm765
196	6	ENSMUSG00000090685	90.0	0.045	NC	Atp6v1fnb
197	6	ENSMUSG00000091260	0.0	0.0	NC	Vmn2r19
198	6	ENSMUSG00000091382	0.0	0.0	NC	Vmn1r18
199	6	ENSMUSG00000091541	0.0	0.0	NC	Vmn1r9
200	6	ENSMUSG00000091620	0.0	0.0	NC	Vmn2r23
201	6	ENSMUSG00000092004	110.0	0.055	NC	Gm17482
202	6	ENSMUSG00000092047	0.0	0.0	NC	Gm17631
203	6	ENSMUSG00000092164	0.0	0.0	NC	Rergl
204	6	ENSMUSG00000093696	0.0	0.0	NC	Vmn1r7
205	6	ENSMUSG00000093755	0.0	0.0	NC	Vmn1r39
206	6	ENSMUSG00000093820	0.0	0.0	NC	Vmn2r21
207	6	ENSMUSG00000094113	0.0	0.0	NC	5430401F13Rik
208	6	ENSMUSG00000094145	0.0	0.0	NC	Vmn2r20
209	6	ENSMUSG00000094192	0.0	0.0	NC	Olfr452
210	6	ENSMUSG00000094200	0.0	0.0	NC	Olfr237
211	6	ENSMUSG00000094669	0.0	0.0	NC	Olfr441
212	6	ENSMUSG00000094672	0.0	0.0	NC	Vmn2r25
213	6	ENSMUSG00000094808	0.0	0.0	NC	1810009J06Rik
214	6	ENSMUSG00000095236	0.0	0.0	NC	Olfr38
215	6	ENSMUSG00000095486	0.0	0.0	NC	Vmn2r22
216	6	ENSMUSG00000095577	0.0	0.0	NC	Gm6619
217	6	ENSMUSG00000095670	0.0	0.0	NC	Vmn1r30
218	6	ENSMUSG00000095831	0.0	0.0	NC	Olfr453
219	6	ENSMUSG00000095932	0.0	0.0	NC	Vmn1r49
220	6	ENSMUSG00000096051	0.0	0.0	NC	Vmn1r40
221	6	ENSMUSG00000096525	0.0	0.0	NC	Gm2663
222	6	ENSMUSG00000096630	0.0	0.0	NC	Vmn2r26
223	6	ENSMUSG00000107588	95.0	0.0475	NC	Gm45021
224	6	ENSMUSG00000107789	1055.0	0.5275	NC	Gm44965
225	6	ENSMUSG00000107872	0.0	0.0	NC	Gm44511
226	6	ENSMUSG00000107874	0.0	0.0	NC	Prpmp5
227	6	ENSMUSG00000108022	0.0	0.0	NC	Gm7298
0	10	ENSMUSG00000000435	377.0	0.1885	NC	Myf5
1	10	ENSMUSG00000005355	90.0	0.045	NC	Casp14
2	10	ENSMUSG00000009070	195.0	0.0975	NC	Rsph14
3	10	ENSMUSG00000009093	0.0	0.0	NC	Gstt4
4	10	ENSMUSG00000015519	0.0	0.0	NC	2310057J18Rik
5	10	ENSMUSG00000019762	242.0	0.121	NC	Iyd
6	10	ENSMUSG00000019772	180.0	0.09	NC	Vip
7	10	ENSMUSG00000019787	0.0	0.0	NC	Trdn
8	10	ENSMUSG00000019815	0.0	0.0	NC	Zc2hc1b
9	10	ENSMUSG00000019834	175.0	0.0875	NC	Slc22a16
10	10	ENSMUSG00000019936	0.0	0.0	NC	Epyc
11	10	ENSMUSG00000019945	140.0	0.07	NC	Cabcoco1
12	10	ENSMUSG00000020007	590.0	0.295	NC	Il20ra
13	10	ENSMUSG00000020010	0.0	0.0	NC	Vnn3
14	10	ENSMUSG00000020081	300.0	0.15	NC	Tacr2
15	10	ENSMUSG00000020096	85.0	0.0425	NC	Tbata
16	10	ENSMUSG00000020125	195.0	0.0975	NC	Elane
17	10	ENSMUSG00000020213	510.0	0.255	NC	Glipr1l1
18	10	ENSMUSG00000020214	0.0	0.0	NC	Glipr1l2
19	10	ENSMUSG00000020229	0.0	0.0	NC	Slc5a4a
20	10	ENSMUSG00000020323	0.0	0.0	NC	Prss57
21	10	ENSMUSG00000025396	120.0	0.06	NC	Hsd17b6
22	10	ENSMUSG00000025400	76.0	0.038	NC	Tac2
23	10	ENSMUSG00000034833	0.0	0.0	NC	Tespa1
24	10	ENSMUSG00000035923	134.0	0.067	NC	Myf6
25	10	ENSMUSG00000037424	240.0	0.12	NC	Taar9
26	10	ENSMUSG00000039508	0.0	0.0	NC	Calhm4
27	10	ENSMUSG00000039760	0.0	0.0	NC	Il22ra2
28	10	ENSMUSG00000040134	75.0	0.0375	NC	Rdh7
29	10	ENSMUSG00000042774	0.0	0.0	NC	Olfr1353
30	10	ENSMUSG00000042801	0.0	0.0	NC	Olfr769
31	10	ENSMUSG00000042940	100.0	0.05	NC	9230106D20Rik
32	10	ENSMUSG00000044025	0.0	0.0	NC	Olfr790
33	10	ENSMUSG00000044293	0.0	0.0	NC	Olfr794
34	10	ENSMUSG00000044581	0.0	0.0	NC	4932415D10Rik
35	10	ENSMUSG00000044624	0.0	0.0	NC	Gm4922
36	10	ENSMUSG00000044897	0.0	0.0	NC	Olfr821
37	10	ENSMUSG00000045111	0.0	0.0	NC	Taar6
38	10	ENSMUSG00000045559	0.0	0.0	NC	Olfr827
39	10	ENSMUSG00000046041	0.0	0.0	NC	Olfr803
40	10	ENSMUSG00000046493	0.0	0.0	NC	Olfr1352
41	10	ENSMUSG00000047626	0.0	0.0	NC	Olfr791
42	10	ENSMUSG00000047868	0.0	0.0	NC	Olfr770
43	10	ENSMUSG00000048745	0.0	0.0	NC	Olfr820
44	10	ENSMUSG00000049052	0.0	0.0	NC	Olfr812
45	10	ENSMUSG00000049217	0.0	0.0	NC	Olfr788
46	10	ENSMUSG00000049573	0.0	0.0	NC	Olfr780
47	10	ENSMUSG00000049894	0.0	0.0	NC	Olfr808
48	10	ENSMUSG00000050108	0.0	0.0	NC	Bpifc
49	10	ENSMUSG00000050198	0.0	0.0	NC	Olfr768
50	10	ENSMUSG00000050251	0.0	0.0	NC	Olfr809
51	10	ENSMUSG00000050478	0.0	0.0	NC	Olfr807
52	10	ENSMUSG00000050994	230.0	0.115	NC	Adgb
53	10	ENSMUSG00000051190	0.0	0.0	NC	Olfr1356
54	10	ENSMUSG00000052012	0.0	0.0	NC	Olfr796
55	10	ENSMUSG00000052818	0.0	0.0	NC	Olfr813
56	10	ENSMUSG00000054052	0.0	0.0	NC	Rdh19
57	10	ENSMUSG00000055170	95.0	0.0475	NC	Ifng
58	10	ENSMUSG00000055515	0.0	0.0	NC	Vmn2r81
59	10	ENSMUSG00000056148	95.0	0.0475	NC	Rdh9
60	10	ENSMUSG00000056853	0.0	0.0	NC	Olfr765
61	10	ENSMUSG00000056912	0.0	0.0	NC	1700017N19Rik
62	10	ENSMUSG00000058071	0.0	0.0	NC	Olfr818
63	10	ENSMUSG00000058084	0.0	0.0	NC	Olfr825
64	10	ENSMUSG00000058251	0.0	0.0	NC	Olfr822
65	10	ENSMUSG00000058513	0.0	0.0	NC	Olfr801
66	10	ENSMUSG00000059134	0.0	0.0	NC	Olfr814
67	10	ENSMUSG00000059762	0.0	0.0	NC	Olfr767
68	10	ENSMUSG00000059763	260.0	0.13	NC	Taar2
69	10	ENSMUSG00000059862	0.0	0.0	NC	Olfr826
70	10	ENSMUSG00000061367	0.0	0.0	NC	Olfr771
71	10	ENSMUSG00000061780	0.0	0.0	NC	Cfd
72	10	ENSMUSG00000061961	0.0	0.0	NC	Olfr815
73	10	ENSMUSG00000062224	0.0	0.0	NC	4933411G06Rik
74	10	ENSMUSG00000062593	0.0	0.0	NC	Gm49339
75	10	ENSMUSG00000062873	0.0	0.0	NC	Olfr1355
76	10	ENSMUSG00000062914	0.0	0.0	NC	Olfr777
77	10	ENSMUSG00000063173	0.0	0.0	NC	Olfr811
78	10	ENSMUSG00000063374	0.0	0.0	NC	Olfr763
79	10	ENSMUSG00000063428	185.0	0.0925	NC	Ddo
80	10	ENSMUSG00000063715	0.0	0.0	NC	Olfr816
81	10	ENSMUSG00000069421	0.0	0.0	NC	Olfr810
82	10	ENSMUSG00000069430	0.0	0.0	NC	Olfr9
83	10	ENSMUSG00000069515	0.0	0.0	NC	Lyz1
84	10	ENSMUSG00000069516	75.0	0.0375	NC	Lyz2
85	10	ENSMUSG00000069518	0.0	0.0	NC	Gm10271
86	10	ENSMUSG00000069582	210.0	0.105	NC	Krtap10-4
87	10	ENSMUSG00000069583	0.0	0.0	NC	Krtap12-1
88	10	ENSMUSG00000069584	0.0	0.0	NC	Gm10272
89	10	ENSMUSG00000069668	0.0	0.0	NC	Sult3a1
90	10	ENSMUSG00000069706	285.0	0.1425	NC	Taar5
91	10	ENSMUSG00000069707	0.0	0.0	NC	Taar4
92	10	ENSMUSG00000069708	0.0	0.0	NC	Taar3
93	10	ENSMUSG00000071065	0.0	0.0	NC	Olfr806
94	10	ENSMUSG00000071340	220.0	0.11	NC	Trappc3l
95	10	ENSMUSG00000071392	120.0	0.06	NC	Ect2l
96	10	ENSMUSG00000071434	0.0	0.0	NC	9230019H11Rik
97	10	ENSMUSG00000074639	90.0	0.045	NC	Rdh16f2
98	10	ENSMUSG00000074695	0.0	0.0	NC	Il22
99	10	ENSMUSG00000074776	0.0	0.0	NC	Gm10754
100	10	ENSMUSG00000074919	0.0	0.0	NC	Gm10787
101	10	ENSMUSG00000075184	200.0	0.1	NC	F930017D23Rik
102	10	ENSMUSG00000078430	0.0	0.0	NC	Gm10936
103	10	ENSMUSG00000078442	590.0	0.295	NC	Ccdc105
104	10	ENSMUSG00000078481	0.0	0.0	NC	Gm10944
105	10	ENSMUSG00000078488	0.0	0.0	NC	Gm10945
106	10	ENSMUSG00000079183	0.0	0.0	NC	C030005K15Rik
107	10	ENSMUSG00000090298	0.0	0.0	NC	Sult3a2
108	10	ENSMUSG00000090308	0.0	0.0	NC	Gm5174
109	10	ENSMUSG00000090461	0.0	0.0	NC	Iltifb
110	10	ENSMUSG00000090816	0.0	0.0	NC	Gm6729
111	10	ENSMUSG00000091381	0.0	0.0	NC	Vmn2r83
112	10	ENSMUSG00000091455	0.0	0.0	NC	Otogl
113	10	ENSMUSG00000091468	0.0	0.0	NC	Vmn2r82
114	10	ENSMUSG00000091526	0.0	0.0	NC	BB019430
115	10	ENSMUSG00000091731	0.0	0.0	NC	Gm17542
116	10	ENSMUSG00000091888	0.0	0.0	NC	Vmn2r80
117	10	ENSMUSG00000092162	0.0	0.0	NC	Vmn2r86
118	10	ENSMUSG00000093866	0.0	0.0	NC	Olfr802
119	10	ENSMUSG00000094012	0.0	0.0	NC	Gm10024
120	10	ENSMUSG00000094080	0.0	0.0	NC	Olfr8
121	10	ENSMUSG00000094120	0.0	0.0	NC	Gm3233
122	10	ENSMUSG00000094146	0.0	0.0	NC	Gm10142
123	10	ENSMUSG00000094186	0.0	0.0	NC	Gm1553
124	10	ENSMUSG00000094347	0.0	0.0	NC	Olfr784
125	10	ENSMUSG00000094496	0.0	0.0	NC	Olfr792
126	10	ENSMUSG00000094673	0.0	0.0	NC	Olfr1354
127	10	ENSMUSG00000094734	0.0	0.0	NC	Olfr799
128	10	ENSMUSG00000094913	135.0	0.0675	NC	Gm9507
129	10	ENSMUSG00000095002	0.0	0.0	NC	Olfr798
130	10	ENSMUSG00000095075	0.0	0.0	NC	Olfr782
131	10	ENSMUSG00000095138	0.0	0.0	NC	Olfr781
132	10	ENSMUSG00000095171	0.0	0.0	NC	Taar7b
133	10	ENSMUSG00000095401	0.0	0.0	NC	Olfr804
134	10	ENSMUSG00000095483	0.0	0.0	NC	Olfr776
135	10	ENSMUSG00000095569	0.0	0.0	NC	Taar7d
136	10	ENSMUSG00000095593	0.0	0.0	NC	Gm7138
137	10	ENSMUSG00000095647	0.0	0.0	NC	Taar7a
138	10	ENSMUSG00000095696	0.0	0.0	NC	Olfr786
139	10	ENSMUSG00000095721	0.0	0.0	NC	Gm7137
140	10	ENSMUSG00000095804	0.0	0.0	NC	Olfr824
141	10	ENSMUSG00000095817	115.0	0.0575	NC	Gm3238
142	10	ENSMUSG00000095970	300.0	0.15	NC	Gm19402
143	10	ENSMUSG00000096000	0.0	0.0	NC	Olfr773
144	10	ENSMUSG00000096220	0.0	0.0	NC	Olfr775
145	10	ENSMUSG00000096229	0.0	0.0	NC	Olfr774
146	10	ENSMUSG00000096380	185.0	0.0925	NC	Gm19668
147	10	ENSMUSG00000096421	650.0	0.325	NC	Gm10100
148	10	ENSMUSG00000096442	0.0	0.0	NC	Taar8a
149	10	ENSMUSG00000096481	0.0	0.0	NC	Gm3250
150	10	ENSMUSG00000096546	0.0	0.0	NC	Smlr1
151	10	ENSMUSG00000096747	95.0	0.0475	NC	Olfr823
152	10	ENSMUSG00000096858	0.0	0.0	NC	Olfr805
153	10	ENSMUSG00000097704	0.0	0.0	NC	Gm26741
154	10	ENSMUSG00000097854	0.0	0.0	NC	Gm26602
155	10	ENSMUSG00000100004	0.0	0.0	NC	Taar8c
156	10	ENSMUSG00000100186	0.0	0.0	NC	Taar8b
157	10	ENSMUSG00000100689	0.0	0.0	NC	Taar7e
158	10	ENSMUSG00000100950	0.0	0.0	NC	Taar7f
159	10	ENSMUSG00000107662	0.0	0.0	NC	Olfr772
160	10	ENSMUSG00000108114	0.0	0.0	NC	Olfr800
0	2	ENSMUSG00000000394	95.0	0.0475	NC	Gcg
1	2	ENSMUSG00000016998	0.0	0.0	NC	Svs4
2	2	ENSMUSG00000017000	0.0	0.0	NC	Svs6
3	2	ENSMUSG00000017002	825.0	0.4125	NC	Slpi
4	2	ENSMUSG00000017003	0.0	0.0	NC	Svs3a
5	2	ENSMUSG00000017004	95.0	0.0475	NC	Svs5
6	2	ENSMUSG00000017300	0.0	0.0	NC	Tnnc2
7	2	ENSMUSG00000017310	80.0	0.04	NC	Spint4
8	2	ENSMUSG00000017733	0.0	0.0	NC	Eppin
9	2	ENSMUSG00000017767	240.0	0.12	NC	Spata25
10	2	ENSMUSG00000018211	0.0	0.0	NC	Wfdc15b
11	2	ENSMUSG00000023210	0.0	0.0	NC	Lcn9
12	2	ENSMUSG00000025716	295.0	0.1475	NC	Myo3a
13	2	ENSMUSG00000025838	0.0	0.0	NC	Pramel6
14	2	ENSMUSG00000026645	0.0	0.0	NC	Olah
15	2	ENSMUSG00000026650	0.0	0.0	NC	Meig1
16	2	ENSMUSG00000026668	95.0	0.0475	NC	Ucma
17	2	ENSMUSG00000026734	490.0	0.245	NC	4921504E06Rik
18	2	ENSMUSG00000026828	155.0	0.0775	NC	Galnt5
19	2	ENSMUSG00000026830	0.0	0.0	NC	Ermn
20	2	ENSMUSG00000026835	0.0	0.0	NC	Fcnb
21	2	ENSMUSG00000026874	0.0	0.0	NC	Hc
22	2	ENSMUSG00000026882	0.0	0.0	NC	4930568D16Rik
23	2	ENSMUSG00000026919	0.0	0.0	NC	Lcn4
24	2	ENSMUSG00000026936	0.0	0.0	NC	Lcn3
25	2	ENSMUSG00000026937	0.0	0.0	NC	Lcn5
26	2	ENSMUSG00000026943	130.0	0.065	NC	Lcn12
27	2	ENSMUSG00000026984	0.0	0.0	NC	Il1f6
28	2	ENSMUSG00000026985	0.0	0.0	NC	Il1f8
29	2	ENSMUSG00000026989	80.0	0.04	NC	Dapl1
30	2	ENSMUSG00000027072	0.0	0.0	NC	Prg3
31	2	ENSMUSG00000027073	0.0	0.0	NC	Prg2
32	2	ENSMUSG00000027120	0.0	0.0	NC	Fshb
33	2	ENSMUSG00000027157	0.0	0.0	NC	A26c3
34	2	ENSMUSG00000027224	660.0	0.33	NC	Duoxa1
35	2	ENSMUSG00000027261	0.0	0.0	NC	Hao1
36	2	ENSMUSG00000027301	546.0	0.273	NC	Oxt
37	2	ENSMUSG00000027322	300.0	0.15	NC	Siglec1
38	2	ENSMUSG00000027355	0.0	0.0	NC	Tmco5
39	2	ENSMUSG00000027403	120.0	0.06	NC	Tgm6
40	2	ENSMUSG00000027431	105.0	0.0525	NC	Scp2d1
41	2	ENSMUSG00000027442	0.0	0.0	NC	Cst8
42	2	ENSMUSG00000027443	0.0	0.0	NC	Cst12
43	2	ENSMUSG00000027444	0.0	0.0	NC	Cstdc1
44	2	ENSMUSG00000027445	0.0	0.0	NC	Cst9
45	2	ENSMUSG00000027446	85.0	0.0425	NC	Cstdc2
46	2	ENSMUSG00000027468	235.0	0.1175	NC	Defb22
47	2	ENSMUSG00000027480	0.0	0.0	NC	Sun5
48	2	ENSMUSG00000027481	160.0	0.08	NC	Bpifb2
49	2	ENSMUSG00000027482	0.0	0.0	NC	Bpifa3
50	2	ENSMUSG00000027483	0.0	0.0	NC	Bpifa1
51	2	ENSMUSG00000027484	0.0	0.0	NC	Bpifa5
52	2	ENSMUSG00000027485	0.0	0.0	NC	Bpifb1
53	2	ENSMUSG00000027505	130.0	0.065	NC	Fam209
54	2	ENSMUSG00000027513	140.0	0.07	NC	Pck1
55	2	ENSMUSG00000027517	295.0	0.1475	NC	Ankrd60
56	2	ENSMUSG00000027518	0.0	0.0	NC	1700021F07Rik
57	2	ENSMUSG00000027643	200.0	0.1	NC	Ghrh
58	2	ENSMUSG00000033156	0.0	0.0	NC	Cst10
59	2	ENSMUSG00000033498	0.0	0.0	NC	Strc
60	2	ENSMUSG00000033850	0.0	0.0	NC	Olfr1015
61	2	ENSMUSG00000034552	345.0	0.1725	NC	Zswim2
62	2	ENSMUSG00000035238	360.0	0.18	NC	Kcnk15
63	2	ENSMUSG00000036401	0.0	0.0	NC	Glt6d1
64	2	ENSMUSG00000036449	0.0	0.0	NC	Lcn8
65	2	ENSMUSG00000036805	540.0	0.27	NC	Noxa1
66	2	ENSMUSG00000036924	0.0	0.0	NC	Cst13
67	2	ENSMUSG00000036949	0.0	0.0	NC	Slc39a12
68	2	ENSMUSG00000036958	0.0	0.0	NC	Cst11
69	2	ENSMUSG00000037254	0.0	0.0	NC	Itih2
70	2	ENSMUSG00000037307	0.0	0.0	NC	Banf2
71	2	ENSMUSG00000037683	250.0	0.125	NC	Armc3
72	2	ENSMUSG00000037727	710.0	0.355	NC	Avp
73	2	ENSMUSG00000039092	0.0	0.0	NC	Sptlc3
74	2	ENSMUSG00000040132	0.0	0.0	NC	Svs2
75	2	ENSMUSG00000040154	110.0	0.055	NC	Wfdc5
76	2	ENSMUSG00000041255	0.0	0.0	NC	Tmco5b
77	2	ENSMUSG00000042459	0.0	0.0	NC	Bpifa2
78	2	ENSMUSG00000042796	0.0	0.0	NC	Olfr1032
79	2	ENSMUSG00000042845	130.0	0.065	NC	Wfdc12
80	2	ENSMUSG00000042863	0.0	0.0	NC	Olfr1026
81	2	ENSMUSG00000042894	0.0	0.0	NC	Olfr1260
82	2	ENSMUSG00000043226	0.0	0.0	NC	Olfr1009
83	2	ENSMUSG00000043267	0.0	0.0	NC	Olfr1031
84	2	ENSMUSG00000043583	75.0	0.0375	NC	4930470P17Rik
85	2	ENSMUSG00000043727	0.0	0.0	NC	F830045P16Rik
86	2	ENSMUSG00000043892	0.0	0.0	NC	Olfr1018
87	2	ENSMUSG00000044039	0.0	0.0	NC	Olfr1288
88	2	ENSMUSG00000044213	0.0	0.0	NC	Olfr1094
89	2	ENSMUSG00000044249	190.0	0.095	NC	Defb29
90	2	ENSMUSG00000044405	545.0	0.2725	NC	Adig
91	2	ENSMUSG00000044487	0.0	0.0	NC	Olfr1112
92	2	ENSMUSG00000044560	0.0	0.0	NC	Olfr1302
93	2	ENSMUSG00000044923	0.0	0.0	NC	Olfr1030
94	2	ENSMUSG00000045148	0.0	0.0	NC	Olfr1255
95	2	ENSMUSG00000045150	0.0	0.0	NC	Olfr1161
96	2	ENSMUSG00000045225	0.0	0.0	NC	Olfr1152
97	2	ENSMUSG00000045684	75.0	0.0375	NC	Lcn6
98	2	ENSMUSG00000046804	0.0	0.0	NC	Phgr1
99	2	ENSMUSG00000046845	0.0	0.0	NC	Il1f10
100	2	ENSMUSG00000046975	0.0	0.0	NC	Olfr1020
101	2	ENSMUSG00000047039	0.0	0.0	NC	Olfr1151
102	2	ENSMUSG00000047149	0.0	0.0	NC	Olfr1052
103	2	ENSMUSG00000047356	311.0	0.1555	NC	Lcn10
104	2	ENSMUSG00000047594	0.0	0.0	NC	Olfr1122
105	2	ENSMUSG00000047969	0.0	0.0	NC	Olfr1093
106	2	ENSMUSG00000048197	0.0	0.0	NC	Olfr1153
107	2	ENSMUSG00000048226	0.0	0.0	NC	Olfr1212
108	2	ENSMUSG00000049018	0.0	0.0	NC	Olfr368
109	2	ENSMUSG00000049057	0.0	0.0	NC	Olfr1257
110	2	ENSMUSG00000049149	0.0	0.0	NC	Olfr1258
111	2	ENSMUSG00000049315	0.0	0.0	NC	Olfr348
112	2	ENSMUSG00000049372	0.0	0.0	NC	Olfr1183
113	2	ENSMUSG00000049560	0.0	0.0	NC	Defb20
114	2	ENSMUSG00000049843	0.0	0.0	NC	Olfr1102
115	2	ENSMUSG00000050015	0.0	0.0	NC	Olfr350
116	2	ENSMUSG00000050023	0.0	0.0	NC	Olfr1176
117	2	ENSMUSG00000050128	0.0	0.0	NC	Olfr1023
118	2	ENSMUSG00000050383	0.0	0.0	NC	Svs3b
119	2	ENSMUSG00000050468	360.0	0.18	NC	Astl
120	2	ENSMUSG00000050603	0.0	0.0	NC	Olfr1008
121	2	ENSMUSG00000050645	155.0	0.0775	NC	Defb19
122	2	ENSMUSG00000050772	0.0	0.0	NC	Olfr1124
123	2	ENSMUSG00000051313	0.0	0.0	NC	Olfr1262
124	2	ENSMUSG00000051424	0.0	0.0	NC	Olfr1184
125	2	ENSMUSG00000051769	0.0	0.0	NC	Wfdc15a
126	2	ENSMUSG00000052922	120.0	0.06	NC	Bpi
127	2	ENSMUSG00000053146	0.0	0.0	NC	Olfr352
128	2	ENSMUSG00000053287	0.0	0.0	NC	Olfr1013
129	2	ENSMUSG00000053896	0.0	0.0	NC	4933409G03Rik
130	2	ENSMUSG00000055088	0.0	0.0	NC	Olfr354
131	2	ENSMUSG00000055838	0.0	0.0	NC	Olfr357
132	2	ENSMUSG00000056115	0.0	0.0	NC	Tas2r134
133	2	ENSMUSG00000056544	72.0	0.036	NC	Defb21
134	2	ENSMUSG00000056995	0.0	0.0	NC	Olfr1178
135	2	ENSMUSG00000057047	0.0	0.0	NC	1700010B08Rik
136	2	ENSMUSG00000057149	0.0	0.0	NC	Olfr1301
137	2	ENSMUSG00000057207	0.0	0.0	NC	Olfr1028
138	2	ENSMUSG00000057447	0.0	0.0	NC	Olfr1205
139	2	ENSMUSG00000057735	0.0	0.0	NC	Olfr1185-ps1
140	2	ENSMUSG00000057761	0.0	0.0	NC	Olfr1022
141	2	ENSMUSG00000058194	0.0	0.0	NC	Olfr1126
142	2	ENSMUSG00000058884	0.0	0.0	NC	Olfr1025-ps1
143	2	ENSMUSG00000059023	0.0	0.0	NC	Olfr1201
144	2	ENSMUSG00000059112	0.0	0.0	NC	Olfr1263
145	2	ENSMUSG00000059205	0.0	0.0	NC	Olfr1130
146	2	ENSMUSG00000059251	0.0	0.0	NC	Olfr345
147	2	ENSMUSG00000059379	0.0	0.0	NC	Olfr1014
148	2	ENSMUSG00000059429	0.0	0.0	NC	Olfr365
149	2	ENSMUSG00000059625	155.0	0.0775	NC	Sohlh1
150	2	ENSMUSG00000059873	0.0	0.0	NC	Olfr1029
151	2	ENSMUSG00000059910	0.0	0.0	NC	Olfr1265
152	2	ENSMUSG00000060332	95.0	0.0475	NC	Tmc2
153	2	ENSMUSG00000060742	0.0	0.0	NC	Olfr1076
154	2	ENSMUSG00000060827	0.0	0.0	NC	Olfr1193
155	2	ENSMUSG00000061171	135.0	0.0675	NC	Slc38a11
156	2	ENSMUSG00000061195	0.0	0.0	NC	Olfr1289
157	2	ENSMUSG00000061295	0.0	0.0	NC	Olfr1261
158	2	ENSMUSG00000061342	0.0	0.0	NC	Olfr1168
159	2	ENSMUSG00000061525	0.0	0.0	NC	4921509C19Rik
160	2	ENSMUSG00000061798	0.0	0.0	NC	Olfr1204
161	2	ENSMUSG00000061809	0.0	0.0	NC	Tbpl2
162	2	ENSMUSG00000061875	0.0	0.0	NC	Olfr1148
163	2	ENSMUSG00000062061	16.0	0.008	NC	Obp2a
164	2	ENSMUSG00000062124	180.0	0.09	NC	Defb45
165	2	ENSMUSG00000062272	0.0	0.0	NC	Olfr1129
166	2	ENSMUSG00000062651	0.0	0.0	NC	H2al2a
167	2	ENSMUSG00000062757	0.0	0.0	NC	Olfr1206
168	2	ENSMUSG00000062793	0.0	0.0	NC	Olfr1158
169	2	ENSMUSG00000063507	0.0	0.0	NC	Gm1330
170	2	ENSMUSG00000063844	0.0	0.0	NC	Olfr1276
171	2	ENSMUSG00000064084	0.0	0.0	NC	Olfr1202
172	2	ENSMUSG00000067704	0.0	0.0	NC	Wfdc13
173	2	ENSMUSG00000068008	372.0	0.186	NC	Bpifb3
174	2	ENSMUSG00000068009	0.0	0.0	NC	Bpifb6
175	2	ENSMUSG00000068647	0.0	0.0	NC	Olfr1278
176	2	ENSMUSG00000068806	0.0	0.0	NC	Olfr1259
177	2	ENSMUSG00000068808	0.0	0.0	NC	Olfr1189
178	2	ENSMUSG00000068809	0.0	0.0	NC	Olfr1188
179	2	ENSMUSG00000068810	0.0	0.0	NC	Olfr1187-ps1
180	2	ENSMUSG00000068814	0.0	0.0	NC	Olfr1145
181	2	ENSMUSG00000068815	0.0	0.0	NC	Olfr1143
182	2	ENSMUSG00000068816	0.0	0.0	NC	Olfr152
183	2	ENSMUSG00000068817	0.0	0.0	NC	Olfr1140
184	2	ENSMUSG00000068818	0.0	0.0	NC	Olfr1132
185	2	ENSMUSG00000068819	0.0	0.0	NC	Olfr1131
186	2	ENSMUSG00000068947	0.0	0.0	NC	Olfr366
187	2	ENSMUSG00000068950	0.0	0.0	NC	Olfr338
188	2	ENSMUSG00000069080	95.0	0.0475	NC	Lcn11
189	2	ENSMUSG00000070530	0.0	0.0	NC	Wfdc16
190	2	ENSMUSG00000070531	0.0	0.0	NC	Wfdc6b
191	2	ENSMUSG00000070719	100.0	0.05	NC	Pla2g4d
192	2	ENSMUSG00000070852	0.0	0.0	NC	Olfr1121
193	2	ENSMUSG00000070853	0.0	0.0	NC	Olfr1150-ps1
194	2	ENSMUSG00000070855	0.0	0.0	NC	Olfr1116
195	2	ENSMUSG00000070856	0.0	0.0	NC	Olfr1115
196	2	ENSMUSG00000070857	0.0	0.0	NC	Olfr1113
197	2	ENSMUSG00000070875	0.0	0.0	NC	Olfr1100
198	2	ENSMUSG00000070943	0.0	0.0	NC	Olfr356
199	2	ENSMUSG00000074593	0.0	0.0	NC	Spint5
200	2	ENSMUSG00000074594	215.0	0.1075	NC	Wfdc9
201	2	ENSMUSG00000074595	85.0	0.0425	NC	Wfdc6a
202	2	ENSMUSG00000074596	0.0	0.0	NC	Spint3
203	2	ENSMUSG00000074623	200.0	0.1	NC	Gm826
204	2	ENSMUSG00000074628	95.0	0.0475	NC	Tldc2
205	2	ENSMUSG00000074665	95.0	0.0475	NC	Bpifb4
206	2	ENSMUSG00000074678	23.0	0.0115	NC	Defb25
207	2	ENSMUSG00000074679	0.0	0.0	NC	Defb28
208	2	ENSMUSG00000074680	0.0	0.0	NC	Defb26
209	2	ENSMUSG00000074681	0.0	0.0	NC	Defb23
210	2	ENSMUSG00000074704	0.0	0.0	NC	Rad21l
211	2	ENSMUSG00000074764	90.0	0.045	NC	Sel1l2
212	2	ENSMUSG00000074812	0.0	0.0	NC	Spdye4c
213	2	ENSMUSG00000074837	0.0	0.0	NC	Gm10770
214	2	ENSMUSG00000074945	0.0	0.0	NC	Olfr1314
215	2	ENSMUSG00000074946	0.0	0.0	NC	Olfr1313
216	2	ENSMUSG00000074947	0.0	0.0	NC	Olfr1312
217	2	ENSMUSG00000074952	0.0	0.0	NC	Olfr1308
218	2	ENSMUSG00000074955	0.0	0.0	NC	Olfr1305
219	2	ENSMUSG00000074965	0.0	0.0	NC	Olfr1277
220	2	ENSMUSG00000074966	0.0	0.0	NC	Olfr1275
221	2	ENSMUSG00000075006	0.0	0.0	NC	Gm10799
222	2	ENSMUSG00000075061	0.0	0.0	NC	Olfr1272
223	2	ENSMUSG00000075062	0.0	0.0	NC	Olfr1271
224	2	ENSMUSG00000075063	0.0	0.0	NC	Olfr142
225	2	ENSMUSG00000075064	0.0	0.0	NC	Olfr1506
226	2	ENSMUSG00000075065	0.0	0.0	NC	Olfr1270
227	2	ENSMUSG00000075067	0.0	0.0	NC	Olfr1267-ps1
228	2	ENSMUSG00000075068	0.0	0.0	NC	Olfr140
229	2	ENSMUSG00000075072	0.0	0.0	NC	Olfr48
230	2	ENSMUSG00000075073	0.0	0.0	NC	Olfr1256
231	2	ENSMUSG00000075074	0.0	0.0	NC	Olfr1254
232	2	ENSMUSG00000075075	0.0	0.0	NC	Olfr1253
233	2	ENSMUSG00000075078	0.0	0.0	NC	Olfr1250
234	2	ENSMUSG00000075079	0.0	0.0	NC	Olfr1249
235	2	ENSMUSG00000075081	0.0	0.0	NC	Olfr1247
236	2	ENSMUSG00000075084	0.0	0.0	NC	Olfr1243
237	2	ENSMUSG00000075085	0.0	0.0	NC	Olfr1242
238	2	ENSMUSG00000075086	0.0	0.0	NC	Olfr1241
239	2	ENSMUSG00000075088	0.0	0.0	NC	Olfr1239
240	2	ENSMUSG00000075090	0.0	0.0	NC	Olfr1234
241	2	ENSMUSG00000075091	0.0	0.0	NC	Olfr1233
242	2	ENSMUSG00000075092	0.0	0.0	NC	Olfr1232
243	2	ENSMUSG00000075093	0.0	0.0	NC	Olfr1231
244	2	ENSMUSG00000075094	80.0	0.04	NC	Olfr1230
245	2	ENSMUSG00000075095	0.0	0.0	NC	Olfr1229
246	2	ENSMUSG00000075097	0.0	0.0	NC	Olfr1226
247	2	ENSMUSG00000075099	0.0	0.0	NC	Olfr1224-ps1
248	2	ENSMUSG00000075100	0.0	0.0	NC	Olfr1223
249	2	ENSMUSG00000075101	0.0	0.0	NC	Olfr1222
250	2	ENSMUSG00000075102	0.0	0.0	NC	Olfr1221
251	2	ENSMUSG00000075104	0.0	0.0	NC	Olfr1219
252	2	ENSMUSG00000075105	0.0	0.0	NC	Olfr1218
253	2	ENSMUSG00000075107	0.0	0.0	NC	Olfr1216
254	2	ENSMUSG00000075110	0.0	0.0	NC	Olfr1214
255	2	ENSMUSG00000075111	0.0	0.0	NC	Olfr1213
256	2	ENSMUSG00000075112	0.0	0.0	NC	Olfr1211
257	2	ENSMUSG00000075113	0.0	0.0	NC	Olfr1209
258	2	ENSMUSG00000075114	0.0	0.0	NC	Olfr1208
259	2	ENSMUSG00000075115	0.0	0.0	NC	Olfr1200
260	2	ENSMUSG00000075117	0.0	0.0	NC	Olfr1198
261	2	ENSMUSG00000075119	0.0	0.0	NC	Olfr1197
262	2	ENSMUSG00000075120	0.0	0.0	NC	Olfr1196
263	2	ENSMUSG00000075121	0.0	0.0	NC	Olfr1195
264	2	ENSMUSG00000075125	0.0	0.0	NC	Olfr1181
265	2	ENSMUSG00000075126	0.0	0.0	NC	Olfr475-ps1
266	2	ENSMUSG00000075127	0.0	0.0	NC	Olfr1179
267	2	ENSMUSG00000075132	0.0	0.0	NC	Olfr1173
268	2	ENSMUSG00000075133	0.0	0.0	NC	Olfr1170
269	2	ENSMUSG00000075136	0.0	0.0	NC	Olfr1164
270	2	ENSMUSG00000075137	0.0	0.0	NC	Olfr1163
271	2	ENSMUSG00000075139	0.0	0.0	NC	Olfr1162
272	2	ENSMUSG00000075140	0.0	0.0	NC	Olfr73
273	2	ENSMUSG00000075141	0.0	0.0	NC	Olfr1160
274	2	ENSMUSG00000075142	0.0	0.0	NC	Olfr74
275	2	ENSMUSG00000075143	0.0	0.0	NC	Olfr1157
276	2	ENSMUSG00000075144	0.0	0.0	NC	Olfr1156
277	2	ENSMUSG00000075145	0.0	0.0	NC	Olfr1155
278	2	ENSMUSG00000075146	0.0	0.0	NC	Olfr1154
279	2	ENSMUSG00000075148	0.0	0.0	NC	Olfr1141
280	2	ENSMUSG00000075149	0.0	0.0	NC	Olfr1138
281	2	ENSMUSG00000075150	0.0	0.0	NC	Olfr1137
282	2	ENSMUSG00000075151	0.0	0.0	NC	Olfr1136
283	2	ENSMUSG00000075153	0.0	0.0	NC	Olfr1135
284	2	ENSMUSG00000075155	0.0	0.0	NC	Olfr1133
285	2	ENSMUSG00000075156	0.0	0.0	NC	Olfr1128
286	2	ENSMUSG00000075158	0.0	0.0	NC	Olfr1111
287	2	ENSMUSG00000075159	0.0	0.0	NC	Olfr1110
288	2	ENSMUSG00000075160	0.0	0.0	NC	Olfr259
289	2	ENSMUSG00000075161	0.0	0.0	NC	Olfr1109
290	2	ENSMUSG00000075163	0.0	0.0	NC	Olfr1107
291	2	ENSMUSG00000075164	0.0	0.0	NC	Olfr1106
292	2	ENSMUSG00000075165	0.0	0.0	NC	Olfr1105
293	2	ENSMUSG00000075166	0.0	0.0	NC	Olfr1104
294	2	ENSMUSG00000075167	0.0	0.0	NC	Olfr1101
295	2	ENSMUSG00000075168	0.0	0.0	NC	Olfr1099
296	2	ENSMUSG00000075169	0.0	0.0	NC	Olfr1098
297	2	ENSMUSG00000075170	0.0	0.0	NC	Olfr1097
298	2	ENSMUSG00000075171	0.0	0.0	NC	Olfr1095
299	2	ENSMUSG00000075172	0.0	0.0	NC	Olfr1090
300	2	ENSMUSG00000075174	0.0	0.0	NC	Olfr1087
301	2	ENSMUSG00000075175	0.0	0.0	NC	Olfr1086
302	2	ENSMUSG00000075176	0.0	0.0	NC	Olfr1085
303	2	ENSMUSG00000075179	0.0	0.0	NC	Olfr1079
304	2	ENSMUSG00000075181	0.0	0.0	NC	Olfr1066
305	2	ENSMUSG00000075185	0.0	0.0	NC	Olfr1061
306	2	ENSMUSG00000075186	0.0	0.0	NC	Olfr1058
307	2	ENSMUSG00000075187	0.0	0.0	NC	Olfr1057
308	2	ENSMUSG00000075188	0.0	0.0	NC	Olfr1056
309	2	ENSMUSG00000075189	0.0	0.0	NC	Olfr1055
310	2	ENSMUSG00000075190	0.0	0.0	NC	Olfr1054
311	2	ENSMUSG00000075192	0.0	0.0	NC	Olfr1053
312	2	ENSMUSG00000075193	0.0	0.0	NC	Olfr1051
313	2	ENSMUSG00000075194	0.0	0.0	NC	Olfr1049
314	2	ENSMUSG00000075195	0.0	0.0	NC	Olfr1048
315	2	ENSMUSG00000075196	0.0	0.0	NC	Olfr1047
316	2	ENSMUSG00000075197	0.0	0.0	NC	Olfr1046
317	2	ENSMUSG00000075198	0.0	0.0	NC	Olfr1045
318	2	ENSMUSG00000075199	0.0	0.0	NC	Olfr52
319	2	ENSMUSG00000075200	0.0	0.0	NC	Olfr1044
320	2	ENSMUSG00000075201	0.0	0.0	NC	Olfr1043
321	2	ENSMUSG00000075202	0.0	0.0	NC	Olfr1042
322	2	ENSMUSG00000075203	0.0	0.0	NC	Olfr1040
323	2	ENSMUSG00000075204	0.0	0.0	NC	Olfr1039
324	2	ENSMUSG00000075205	0.0	0.0	NC	Olfr1037
325	2	ENSMUSG00000075206	0.0	0.0	NC	Olfr1024
326	2	ENSMUSG00000075208	0.0	0.0	NC	Olfr1019
327	2	ENSMUSG00000075209	0.0	0.0	NC	Olfr1016
328	2	ENSMUSG00000075210	0.0	0.0	NC	Olfr1012
329	2	ENSMUSG00000075211	0.0	0.0	NC	Olfr1006
330	2	ENSMUSG00000075212	0.0	0.0	NC	Olfr154
331	2	ENSMUSG00000075214	0.0	0.0	NC	Olfr1002
332	2	ENSMUSG00000075215	0.0	0.0	NC	Olfr1000
333	2	ENSMUSG00000075217	0.0	0.0	NC	Fads2b
334	2	ENSMUSG00000075218	0.0	0.0	NC	Olfr995
335	2	ENSMUSG00000075219	0.0	0.0	NC	Olfr994
336	2	ENSMUSG00000075220	0.0	0.0	NC	Olfr993
337	2	ENSMUSG00000075221	0.0	0.0	NC	Olfr992
338	2	ENSMUSG00000075222	0.0	0.0	NC	Olfr988
339	2	ENSMUSG00000075223	0.0	0.0	NC	Olfr987
340	2	ENSMUSG00000075249	100.0	0.05	NC	Fsip2
341	2	ENSMUSG00000075267	1041.0	0.5205	NC	Pjvk
342	2	ENSMUSG00000075377	0.0	0.0	NC	Olfr362
343	2	ENSMUSG00000075378	0.0	0.0	NC	Olfr361
344	2	ENSMUSG00000075379	0.0	0.0	NC	Olfr358
345	2	ENSMUSG00000075380	0.0	0.0	NC	Olfr355
346	2	ENSMUSG00000075382	0.0	0.0	NC	Olfr353
347	2	ENSMUSG00000075383	0.0	0.0	NC	Olfr351
348	2	ENSMUSG00000075384	0.0	0.0	NC	Olfr3
349	2	ENSMUSG00000075387	0.0	0.0	NC	Olfr341
350	2	ENSMUSG00000078197	0.0	0.0	NC	Gm17374
351	2	ENSMUSG00000078198	0.0	0.0	NC	Olfr364-ps1
352	2	ENSMUSG00000078420	0.0	0.0	NC	Olfr141
353	2	ENSMUSG00000078912	0.0	0.0	NC	Gm11011
354	2	ENSMUSG00000078935	41.0	0.0205	NC	1700025C18Rik
355	2	ENSMUSG00000078940	0.0	0.0	NC	Wfdc11
356	2	ENSMUSG00000078956	0.0	0.0	NC	Gm14221
357	2	ENSMUSG00000078972	0.0	0.0	NC	Gm15557
358	2	ENSMUSG00000078998	0.0	0.0	NC	Bpifa6
359	2	ENSMUSG00000079005	0.0	0.0	NC	Gm14147
360	2	ENSMUSG00000079006	0.0	0.0	NC	Gm14151
361	2	ENSMUSG00000079039	0.0	0.0	NC	Gm11037
362	2	ENSMUSG00000079103	0.0	0.0	NC	Tgm7
363	2	ENSMUSG00000079169	0.0	0.0	NC	Gm15130
364	2	ENSMUSG00000079170	0.0	0.0	NC	Gm13941
365	2	ENSMUSG00000079175	0.0	0.0	NC	Gm11060
366	2	ENSMUSG00000079324	0.0	0.0	NC	4932414N04Rik
367	2	ENSMUSG00000079353	0.0	0.0	NC	Gm11099
368	2	ENSMUSG00000079421	0.0	0.0	NC	4930402F06Rik
369	2	ENSMUSG00000079539	0.0	0.0	NC	Obp2b
370	2	ENSMUSG00000083361	0.0	0.0	NC	Olfr360
371	2	ENSMUSG00000089732	0.0	0.0	NC	Olfr1117-ps1
372	2	ENSMUSG00000089859	0.0	0.0	NC	Olfr1565
373	2	ENSMUSG00000089892	0.0	0.0	NC	Olfr1199
374	2	ENSMUSG00000090059	0.0	0.0	NC	Olfr1062
375	2	ENSMUSG00000090097	0.0	0.0	NC	Olfr1182
376	2	ENSMUSG00000090485	0.0	0.0	NC	Gm17416
377	2	ENSMUSG00000091312	0.0	0.0	NC	Gm17490
378	2	ENSMUSG00000092123	0.0	0.0	NC	Gm17581
379	2	ENSMUSG00000093804	0.0	0.0	NC	Olfr1303
380	2	ENSMUSG00000094266	0.0	0.0	NC	Olfr340
381	2	ENSMUSG00000094464	0.0	0.0	NC	Olfr339
382	2	ENSMUSG00000094747	0.0	0.0	NC	Olfr1307
383	2	ENSMUSG00000094764	0.0	0.0	NC	Olfr346
384	2	ENSMUSG00000094858	0.0	0.0	NC	Olfr1297
385	2	ENSMUSG00000095156	0.0	0.0	NC	Olfr1281
386	2	ENSMUSG00000095586	0.0	0.0	NC	Olfr1287
387	2	ENSMUSG00000095809	0.0	0.0	NC	Olfr1290
388	2	ENSMUSG00000096240	0.0	0.0	NC	Gm21830
389	2	ENSMUSG00000096554	0.0	0.0	NC	Olfr1282
390	2	ENSMUSG00000096566	0.0	0.0	NC	Olfr1306
391	2	ENSMUSG00000096703	0.0	0.0	NC	Olfr1286
392	2	ENSMUSG00000096822	0.0	0.0	NC	Olfr344
393	2	ENSMUSG00000098004	0.0	0.0	NC	Gm27027
394	2	ENSMUSG00000098505	0.0	0.0	NC	Gm14496
395	2	ENSMUSG00000098794	0.0	0.0	NC	Gm28038
396	2	ENSMUSG00000099486	0.0	0.0	NC	Olfr1228
397	2	ENSMUSG00000099820	0.0	0.0	NC	Olfr1036
398	2	ENSMUSG00000100016	0.0	0.0	NC	Olfr1215
399	2	ENSMUSG00000100899	0.0	0.0	NC	Olfr1167
400	2	ENSMUSG00000101078	0.0	0.0	NC	Olfr1166
401	2	ENSMUSG00000101391	0.0	0.0	NC	Olfr1217
402	2	ENSMUSG00000101480	0.0	0.0	NC	Olfr1220
403	2	ENSMUSG00000101918	0.0	0.0	NC	Olfr1225
404	2	ENSMUSG00000102091	0.0	0.0	NC	Olfr1034
0	12	ENSMUSG00000000701	0.0	0.0	NC	Tcl1b5
1	12	ENSMUSG00000001225	0.0	0.0	NC	Slc26a3
2	12	ENSMUSG00000002565	615.0	0.3075	NC	Scin
3	12	ENSMUSG00000020545	0.0	0.0	NC	Lrrc72
4	12	ENSMUSG00000020573	185.0	0.0925	NC	Pik3cg
5	12	ENSMUSG00000020581	285.0	0.1425	NC	Agr2
6	12	ENSMUSG00000020633	615.0	0.3075	NC	Dcdc2c
7	12	ENSMUSG00000020636	0.0	0.0	NC	Allc
8	12	ENSMUSG00000020651	665.0	0.3325	NC	Slc26a4
9	12	ENSMUSG00000021101	575.0	0.2875	NC	4930408O17Rik
10	12	ENSMUSG00000021886	130.0	0.065	NC	Gpr65
11	12	ENSMUSG00000035148	0.0	0.0	NC	Gpr33
12	12	ENSMUSG00000036231	0.0	0.0	NC	Agr3
13	12	ENSMUSG00000041536	0.0	0.0	NC	Serpina3a
14	12	ENSMUSG00000041550	195.0	0.0975	NC	Serpina5
15	12	ENSMUSG00000041567	0.0	0.0	NC	Serpina12
16	12	ENSMUSG00000043319	199.0	0.0995	NC	Cox8c
17	12	ENSMUSG00000043945	0.0	0.0	NC	Adam6a
18	12	ENSMUSG00000046518	840.0	0.42	NC	Ferd3l
19	12	ENSMUSG00000047002	280.0	0.14	NC	Msgn1
20	12	ENSMUSG00000047014	0.0	0.0	NC	Catsperb
21	12	ENSMUSG00000048982	0.0	0.0	NC	Gphb5
22	12	ENSMUSG00000051804	0.0	0.0	NC	Adam6b
23	12	ENSMUSG00000052221	295.0	0.1475	NC	Ppp1r36
24	12	ENSMUSG00000052376	0.0	0.0	NC	4921508M14Rik
25	12	ENSMUSG00000058260	0.0	0.0	NC	Serpina9
26	12	ENSMUSG00000059114	245.0	0.1225	NC	Lrrc74a
27	12	ENSMUSG00000060375	0.0	0.0	NC	3110018I06Rik
28	12	ENSMUSG00000060863	120.0	0.06	NC	Tcl1b2
29	12	ENSMUSG00000063232	95.0	0.0475	NC	Serpina11
30	12	ENSMUSG00000066027	0.0	0.0	NC	Gm10436
31	12	ENSMUSG00000066359	170.0	0.085	NC	Tcl1b1
32	12	ENSMUSG00000066361	0.0	0.0	NC	Serpina3c
33	12	ENSMUSG00000066364	0.0	0.0	NC	Serpina3b
34	12	ENSMUSG00000068940	0.0	0.0	NC	Tcl1b3
35	12	ENSMUSG00000071179	127.0	0.0635	NC	Serpina16
36	12	ENSMUSG00000071342	355.0	0.1775	NC	Lsmem1
37	12	ENSMUSG00000072791	0.0	0.0	NC	Abcb5
38	12	ENSMUSG00000078984	0.0	0.0	NC	Gm11027
39	12	ENSMUSG00000079007	0.0	0.0	NC	Tcl1b4
40	12	ENSMUSG00000079013	0.0	0.0	NC	Serpina3j
41	12	ENSMUSG00000079061	410.0	0.205	NC	Gm11042
42	12	ENSMUSG00000087075	510.0	0.255	NC	Lbhd2
43	12	ENSMUSG00000089922	910.0	0.455	NC	Gm43517
44	12	ENSMUSG00000090843	0.0	0.0	NC	Heatr4
45	12	ENSMUSG00000091396	0.0	0.0	NC	Spanxn4
46	12	ENSMUSG00000091402	205.0	0.1025	NC	Rd3l
47	12	ENSMUSG00000092305	80.0	0.04	NC	Prps1l1
48	12	ENSMUSG00000095953	0.0	0.0	NC	6030469F06Rik
49	12	ENSMUSG00000096576	0.0	0.0	NC	Oog1
50	12	ENSMUSG00000096953	650.0	0.325	NC	Gm26571
