	Length	Length	Length	Length	Length	Length	Length	Length	Length	Length	Length	Length	Length	Length	Length	Length	Length	Length	Length	Length	Length	Length	Length	Length	Length	Length	Length	Length	Length	Length	Length	Length	Length	Length	Length	Length	Length	Length	Length	Length	Length	Length	Length	Length	Length	Length	Length	Length	Length	Length	Length	0	0	0	0	0	Length	Length	Length	Length	Length	Length	Length	Length	Length	Length	Length	Length	Length	Length	Length	Length	Length	Length	Length	Length	Length	Length	Length	Length	Length	Length	Length	Length	Length	Length	Length	Length	Length	Length	Length	Length	Length	Length	Length	Length	Length	Length	Length	Length	Length	0	0	0	0	0	Length	Length	Length	Length	Length	Length	Length	Length	Length	Length	Length	Length	Length	Length
count	7301.0	11315.0	4711.0	4157.0	2166.0	1589.0	11315.0	4711.0	4157.0	2166.0	1589.0	11315.0	4711.0	4157.0	2166.0	1589.0	10332.0	4880.0	3572.0	2167.0	1480.0	6866.0	3257.0	1944.0	1190.0	846.0	142.0	142.0	142.0	142.0	142.0	66.0	66.0	66.0	66.0	66.0	27.0	27.0	27.0	27.0	27.0	4.0	4.0	4.0	4.0	4.0	1.0	1.0	1.0	1.0	1.0						6456.0	7301.0	7301.0	6456.0	6456.0	10264.0	10018.0	6883.0	4700.0	1744.0	9337.0	8535.0	4387.0	4387.0	2894.0	10264.0	7724.0	5674.0	3826.0	2320.0	10018.0	7301.0	5674.0	4387.0	2894.0	9716.0	7724.0	5674.0	4096.0	2894.0	9716.0	7724.0	5674.0	4096.0	2894.0	9716.0	7724.0	5674.0	4096.0	2894.0	9716.0	7724.0	5674.0	4096.0	2894.0						6883.0	6883.0	6883.0	6456.0	6456.0	10429.0	6883.0	6456.0	1637.0	1514.0	10018.0	8108.0	5674.0	3826.0
mean	188.59060402684563	171.33893062306672	132.85926554871577	131.24849651190763	125.80794090489381	124.35494021397105	171.33893062306672	132.85926554871577	131.24849651190763	125.80794090489381	124.35494021397105	171.33893062306672	132.85926554871577	131.24849651190763	125.80794090489381	124.35494021397105	178.6682152535811	135.20491803278688	132.69876819708847	127.27272727272727	125.06756756756756	358.5639382464317	139.453484801965	132.20164609053498	128.9075630252101	125.05910165484633	111.26760563380282	111.26760563380282	111.26760563380282	111.26760563380282	111.26760563380282	112.12121212121212	112.12121212121212	112.12121212121212	112.12121212121212	112.12121212121212	107.4074074074074	107.4074074074074	107.4074074074074	107.4074074074074	107.4074074074074	125.0	125.0	125.0	125.0	125.0	200.0	200.0	200.0	200.0	200.0						177.85006195786866	188.59060402684563	188.59060402684563	177.85006195786866	177.85006195786866	271.6387373343726	255.2505490117788	182.304227807642	156.46808510638297	134.74770642201835	229.88111813216236	209.95899238429993	153.704125826305	153.704125826305	141.4651002073255	271.6387373343726	194.49766960124288	168.78745153330982	148.5363303711448	139.18103448275863	255.2505490117788	188.59060402684563	168.78745153330982	153.704125826305	141.4651002073255	241.14862083161796	194.49766960124288	168.78745153330982	151.6845703125	141.4651002073255	241.14862083161796	194.49766960124288	168.78745153330982	151.6845703125	141.4651002073255	241.14862083161796	194.49766960124288	168.78745153330982	151.6845703125	141.4651002073255	241.14862083161796	194.49766960124288	168.78745153330982	151.6845703125	141.4651002073255						182.304227807642	182.304227807642	182.304227807642	177.85006195786866	177.85006195786866	318.5060887908716	182.304227807642	177.85006195786866	133.10934636530237	133.02509907529722	255.2505490117788	202.10902812037494	168.78745153330982	148.5363303711448
std	174.99886391624824	129.72387939803414	75.42292038876525	73.17036875728319	61.04303598087817	54.67711390022347	129.72387939803414	75.42292038876525	73.17036875728319	61.04303598087817	54.67711390022347	129.72387939803414	75.42292038876525	73.17036875728319	61.04303598087817	54.67711390022347	140.55577648585523	79.46814789857535	75.06327746879523	62.784649371959084	55.40430562059566	557.402863280122	89.66945031790688	76.00477053428543	66.67382810385585	58.46909915600802	39.6770501028573	39.6770501028573	39.6770501028573	39.6770501028573	39.6770501028573	44.7734520074341	44.7734520074341	44.7734520074341	44.7734520074341	44.7734520074341	26.688025634181187	26.688025634181187	26.688025634181187	26.688025634181187	26.688025634181187	50.0	50.0	50.0	50.0	50.0											157.25795159559544	174.99886391624824	174.99886391624824	157.25795159559544	157.25795159559544	320.42339542756827	289.4209434231768	163.69243374835315	118.41811342752776	73.80444688688245	241.6123290952156	207.5371120460532	114.76428384774925	114.76428384774925	89.13337795139512	320.42339542756827	183.94589859803565	142.6513920317895	101.9506524868976	82.61686997072118	289.4209434231768	174.99886391624824	142.6513920317895	114.76428384774925	89.13337795139512	264.3102057386232	183.94589859803565	142.6513920317895	110.72893837481075	89.13337795139512	264.3102057386232	183.94589859803565	142.6513920317895	110.72893837481075	89.13337795139512	264.3102057386232	183.94589859803565	142.6513920317895	110.72893837481075	89.13337795139512	264.3102057386232	183.94589859803565	142.6513920317895	110.72893837481075	89.13337795139512						163.69243374835315	163.69243374835315	163.69243374835315	157.25795159559544	157.25795159559544	405.2882503443928	163.69243374835315	157.25795159559544	72.5263354369119	72.0245654934774	289.4209434231768	194.1585367420245	142.6513920317895	101.9506524868976
min	100.0	100.0	100.0	100.0	100.0	100.0	100.0	100.0	100.0	100.0	100.0	100.0	100.0	100.0	100.0	100.0	100.0	100.0	100.0	100.0	100.0	100.0	100.0	100.0	100.0	100.0	100.0	100.0	100.0	100.0	100.0	100.0	100.0	100.0	100.0	100.0	100.0	100.0	100.0	100.0	100.0	100.0	100.0	100.0	100.0	100.0	200.0	200.0	200.0	200.0	200.0						100.0	100.0	100.0	100.0	100.0	100.0	100.0	100.0	100.0	100.0	100.0	100.0	100.0	100.0	100.0	100.0	100.0	100.0	100.0	100.0	100.0	100.0	100.0	100.0	100.0	100.0	100.0	100.0	100.0	100.0	100.0	100.0	100.0	100.0	100.0	100.0	100.0	100.0	100.0	100.0	100.0	100.0	100.0	100.0	100.0						100.0	100.0	100.0	100.0	100.0	100.0	100.0	100.0	100.0	100.0	100.0	100.0	100.0	100.0
25%	100.0	100.0	100.0	100.0	100.0	100.0	100.0	100.0	100.0	100.0	100.0	100.0	100.0	100.0	100.0	100.0	100.0	100.0	100.0	100.0	100.0	100.0	100.0	100.0	100.0	100.0	100.0	100.0	100.0	100.0	100.0	100.0	100.0	100.0	100.0	100.0	100.0	100.0	100.0	100.0	100.0	100.0	100.0	100.0	100.0	100.0	200.0	200.0	200.0	200.0	200.0						100.0	100.0	100.0	100.0	100.0	100.0	100.0	100.0	100.0	100.0	100.0	100.0	100.0	100.0	100.0	100.0	100.0	100.0	100.0	100.0	100.0	100.0	100.0	100.0	100.0	100.0	100.0	100.0	100.0	100.0	100.0	100.0	100.0	100.0	100.0	100.0	100.0	100.0	100.0	100.0	100.0	100.0	100.0	100.0	100.0						100.0	100.0	100.0	100.0	100.0	100.0	100.0	100.0	100.0	100.0	100.0	100.0	100.0	100.0
50%	100.0	100.0	100.0	100.0	100.0	100.0	100.0	100.0	100.0	100.0	100.0	100.0	100.0	100.0	100.0	100.0	100.0	100.0	100.0	100.0	100.0	200.0	100.0	100.0	100.0	100.0	100.0	100.0	100.0	100.0	100.0	100.0	100.0	100.0	100.0	100.0	100.0	100.0	100.0	100.0	100.0	100.0	100.0	100.0	100.0	100.0	200.0	200.0	200.0	200.0	200.0						100.0	100.0	100.0	100.0	100.0	100.0	100.0	100.0	100.0	100.0	100.0	100.0	100.0	100.0	100.0	100.0	100.0	100.0	100.0	100.0	100.0	100.0	100.0	100.0	100.0	100.0	100.0	100.0	100.0	100.0	100.0	100.0	100.0	100.0	100.0	100.0	100.0	100.0	100.0	100.0	100.0	100.0	100.0	100.0	100.0						100.0	100.0	100.0	100.0	100.0	200.0	100.0	100.0	100.0	100.0	100.0	100.0	100.0	100.0
75%	200.0	200.0	100.0	100.0	100.0	100.0	200.0	100.0	100.0	100.0	100.0	200.0	100.0	100.0	100.0	100.0	200.0	100.0	100.0	100.0	100.0	400.0	100.0	100.0	100.0	100.0	100.0	100.0	100.0	100.0	100.0	100.0	100.0	100.0	100.0	100.0	100.0	100.0	100.0	100.0	100.0	125.0	125.0	125.0	125.0	125.0	200.0	200.0	200.0	200.0	200.0						200.0	200.0	200.0	200.0	200.0	300.0	300.0	200.0	200.0	100.0	300.0	200.0	200.0	200.0	200.0	300.0	200.0	200.0	200.0	200.0	300.0	200.0	200.0	200.0	200.0	300.0	200.0	200.0	200.0	200.0	300.0	200.0	200.0	200.0	200.0	300.0	200.0	200.0	200.0	200.0	300.0	200.0	200.0	200.0	200.0						200.0	200.0	200.0	200.0	200.0	400.0	200.0	200.0	100.0	100.0	300.0	200.0	200.0	200.0
max	2400.0	2000.0	800.0	800.0	700.0	500.0	2000.0	800.0	800.0	700.0	500.0	2000.0	800.0	800.0	700.0	500.0	2000.0	1000.0	800.0	700.0	500.0	8700.0	1500.0	800.0	700.0	500.0	400.0	400.0	400.0	400.0	400.0	400.0	400.0	400.0	400.0	400.0	200.0	200.0	200.0	200.0	200.0	200.0	200.0	200.0	200.0	200.0	200.0	200.0	200.0	200.0	200.0						2000.0	2400.0	2400.0	2000.0	2000.0	5300.0	4300.0	2000.0	1700.0	800.0	3200.0	2400.0	1700.0	1700.0	1000.0	5300.0	2400.0	2000.0	1300.0	800.0	4300.0	2400.0	2000.0	1700.0	1000.0	3200.0	2400.0	2000.0	1700.0	1000.0	3200.0	2400.0	2000.0	1700.0	1000.0	3200.0	2400.0	2000.0	1700.0	1000.0	3200.0	2400.0	2000.0	1700.0	1000.0						2000.0	2000.0	2000.0	2000.0	2000.0	5600.0	2000.0	2000.0	800.0	800.0	4300.0	2400.0	2000.0	1300.0
ATACseq_overlap	0.6979494087711421	0.6248690315820985	0.41614279299506063	0.39840592725639873	0.30631641969765006	0.2651549169286035	0.6248690315820985	0.41614279299506063	0.39840592725639873	0.30631641969765006	0.2651549169286035	0.6248690315820985	0.41614279299506063	0.39840592725639873	0.30631641969765006	0.2651549169286035	0.5726313426133812	0.3915581499775483	0.356496033527915	0.28461308187397094	0.23974704385571022	0.12404580152671756	0.27514593623709027	0.2299057027391109	0.19615327046849274	0.1645711719802425	0.04853315371950307	0.04853315371950307	0.04853315371950307	0.04853315371950307	0.04853315371950307	0.028850471486304447	0.028850471486304447	0.028850471486304447	0.028850471486304447	0.028850471486304447	0.02316270019458165	0.02316270019458165	0.02316270019458165	0.02316270019458165	0.02316270019458165	0.0074839095943721	0.0074839095943721	0.0074839095943721	0.0074839095943721	0.0074839095943721	0.0	0.0	0.0	0.0	0.0						0.6682757072294566	0.6979494087711421	0.6979494087711421	0.6682757072294566	0.6682757072294566	0.8725116000598713	0.8491618021254304	0.6793518934291274	0.5640248465798533	0.3222945666816345	0.8124532255650352	0.7547522825924263	0.5442299057027391	0.5442299057027391	0.436162251160006	0.8725116000598713	0.71942822930699	0.626889687172579	0.5160904056279	0.38411165993114804	0.8491618021254304	0.6979494087711421	0.626889687172579	0.5442299057027391	0.436162251160006	0.8292920221523724	0.71942822930699	0.626889687172579	0.5273162700194581	0.436162251160006	0.8292920221523724	0.71942822930699	0.626889687172579	0.5273162700194581	0.436162251160006	0.8292920221523724	0.71942822930699	0.626889687172579	0.5273162700194581	0.436162251160006	0.8292920221523724	0.71942822930699	0.626889687172579	0.5273162700194581	0.436162251160006						0.6793518934291274	0.6793518934291274	0.6793518934291274	0.6682757072294566	0.6682757072294566	0.925946714563688	0.6793518934291274	0.6682757072294566	0.304183505463254	0.29146085915282144	0.8491618021254304	0.7375767100733424	0.626889687172579	0.5160904056279
DNAseq_overlap	0.5953294223826715	0.5616350782190133	0.3494660048134777	0.33162229241877256	0.22666591456077015	0.20304978941034899	0.5616350782190133	0.3494660048134777	0.33162229241877256	0.22666591456077015	0.20304978941034899	0.5616350782190133	0.3494660048134777	0.33162229241877256	0.22666591456077015	0.20304978941034899	0.4861988567990373	0.3140982250300842	0.2826790012033694	0.21660649819494585	0.18259250902527077	0.17870036101083034	0.21367328519855597	0.1646923886883273	0.13733453670276774	0.10672382671480145	0.04061371841155235	0.04061371841155235	0.04061371841155235	0.04061371841155235	0.04061371841155235	0.0246690734055355	0.0246690734055355	0.0246690734055355	0.0246690734055355	0.0246690734055355	0.01667794825511432	0.01667794825511432	0.01667794825511432	0.01667794825511432	0.01667794825511432	0.007276624548736462	0.007276624548736462	0.007276624548736462	0.007276624548736462	0.007276624548736462	0.003516095066185319	0.003516095066185319	0.003516095066185319	0.003516095066185319	0.003516095066185319						0.5538131768953068	0.5953294223826715	0.5953294223826715	0.5538131768953068	0.5538131768953068	0.7882633874849578	0.7568817689530686	0.5764703670276775	0.47909145607701564	0.24197126955475332	0.7191072503008423	0.6576978038507821	0.45449759326113115	0.45449759326113115	0.3518539410348977	0.7882633874849578	0.6054452466907341	0.5236349277978339	0.41531287605294825	0.31001805054151627	0.7568817689530686	0.5953294223826715	0.5236349277978339	0.45449759326113115	0.3518539410348977	0.7396397412755716	0.6054452466907341	0.5236349277978339	0.4321412454873646	0.3518539410348977	0.7396397412755716	0.6054452466907341	0.5236349277978339	0.4321412454873646	0.3518539410348977	0.7396397412755716	0.6054452466907341	0.5236349277978339	0.4321412454873646	0.3518539410348977	0.7396397412755716	0.6054452466907341	0.5236349277978339	0.4321412454873646	0.3518539410348977						0.5764703670276775	0.5764703670276775	0.5764703670276775	0.5538131768953068	0.5538131768953068	0.8394065884476535	0.5764703670276775	0.5538131768953068	0.22848977135980747	0.2174714199759326	0.7568817689530686	0.6353038507821901	0.5236349277978339	0.41531287605294825
genes_overlap	0.544832594959692	0.5285990612265952	0.5775059913724238	0.5834732404692082	0.5952733944954128	0.6058198380566802	0.5285990612265952	0.5775059913724238	0.5834732404692082	0.5952733944954128	0.6058198380566802	0.5285990612265952	0.5775059913724238	0.5834732404692082	0.5952733944954128	0.6058198380566802	0.5512296858071506	0.5983040315247045	0.6244978902953586	0.607037708484409	0.625505132360886	0.4005146431617856	0.5098568912373403	0.531976653696498	0.5693089960886571	0.553156899810964	0.5811392405063291	0.5811392405063291	0.5811392405063291	0.5811392405063291	0.5811392405063291	0.6056756756756757	0.6056756756756757	0.6056756756756757	0.6056756756756757	0.6056756756756757	0.6220689655172413	0.6220689655172413	0.6220689655172413	0.6220689655172413	0.6220689655172413	0.708	0.708	0.708	0.708	0.708	1.0	1.0	1.0	1.0	1.0						0.5508090924925971	0.544832594959692	0.544832594959692	0.5508090924925971	0.5508090924925971	0.5165693483017109	0.5225990379727035	0.5467285623206886	0.5635246124558063	0.5981021276595745	0.5292042489750279	0.5369972098214286	0.5681684710069702	0.5681684710069702	0.5888031265266244	0.5165693483017109	0.5417266857485189	0.5576266054087919	0.5733362660566602	0.5982533292040879	0.5225990379727035	0.544832594959692	0.5576266054087919	0.5681684710069702	0.5888031265266244	0.5244707639778062	0.5417266857485189	0.5576266054087919	0.5702993722839208	0.5888031265266244	0.5244707639778062	0.5417266857485189	0.5576266054087919	0.5702993722839208	0.5888031265266244	0.5244707639778062	0.5417266857485189	0.5576266054087919	0.5702993722839208	0.5888031265266244	0.5244707639778062	0.5417266857485189	0.5576266054087919	0.5702993722839208	0.5888031265266244						0.5467285623206886	0.5467285623206886	0.5467285623206886	0.5508090924925971	0.5508090924925971	0.5083192341271036	0.5467285623206886	0.5508090924925971	0.5990637907296925	0.602462760675273	0.5225990379727035	0.538548239458107	0.5576266054087919	0.5733362660566602
percentage_open	0.14169145160828905	0.1995041159365168	0.06440894731761793	0.056145585007976256	0.02804192066472421	0.02033425146183304	0.1995041159365168	0.06440894731761793	0.056145585007976256	0.02804192066472421	0.02033425146183304	0.1995041159365168	0.06440894731761793	0.056145585007976256	0.02804192066472421	0.02033425146183304	0.18996471760396658	0.06789746515444049	0.04877750603698817	0.028381510896627292	0.019047924825836518	0.25334460361278727	0.046739964645569676	0.02644687563608852	0.015785800476949337	0.010887468647074574	0.0016259168678996055	0.0016259168678996055	0.0016259168678996055	0.0016259168678996055	0.0016259168678996055	0.0007615053685099418	0.0007615053685099418	0.0007615053685099418	0.0007615053685099418	0.0007615053685099418	0.00029842777955119343	0.00029842777955119343	0.00029842777955119343	0.00029842777955119343	0.00029842777955119343	5.145306543986094e-05	5.145306543986094e-05	5.145306543986094e-05	5.145306543986094e-05	5.145306543986094e-05	2.0581226175944376e-05	2.0581226175944376e-05	2.0581226175944376e-05	2.0581226175944376e-05	2.0581226175944376e-05						0.11815681947609666	0.14169145160828905	0.14169145160828905	0.11815681947609666	0.11815681947609666	0.28691258350575255	0.2631412672725368	0.129126613027875	0.07567716864894747	0.02418294075673464	0.22087771932023503	0.1844077865364616	0.06938960405219646	0.06938960405219646	0.04212976998215814	0.28691258350575255	0.15459588042060618	0.09855320154350963	0.05848155417894594	0.033228389661062195	0.2631412672725368	0.14169145160828905	0.09855320154350963	0.06938960405219646	0.04212976998215814	0.24110906465118834	0.15459588042060618	0.09855320154350963	0.0639355791155712	0.04212976998215814	0.24110906465118834	0.15459588042060618	0.09855320154350963	0.0639355791155712	0.04212976998215814	0.24110906465118834	0.15459588042060618	0.09855320154350963	0.0639355791155712	0.04212976998215814	0.24110906465118834	0.15459588042060618	0.09855320154350963	0.0639355791155712	0.04212976998215814						0.129126613027875	0.129126613027875	0.129126613027875	0.11815681947609666	0.11815681947609666	0.34182329494317215	0.129126613027875	0.11815681947609666	0.022423245918691395	0.020725294759175984	0.2631412672725368	0.16863227667260022	0.09855320154350963	0.05848155417894594
percentage_open_adj	0.20496921963429168	0.2886003530430687	0.09317324030002408	0.08121955569211238	0.04056511899945129	0.0294152936304278	0.2886003530430687	0.09317324030002408	0.08121955569211238	0.04056511899945129	0.0294152936304278	0.2886003530430687	0.09317324030002408	0.08121955569211238	0.04056511899945129	0.0294152936304278	0.2748007694421544	0.09821968996637784	0.0705609776357428	0.0410563663121052	0.027554508355223613	0.36648538152201515	0.06761349375981937	0.0382577452581981	0.022835556897305792	0.015749686569328243	0.0023520325878580934	0.0023520325878580934	0.0023520325878580934	0.0023520325878580934	0.0023520325878580934	0.001101584882920879	0.001101584882920879	0.001101584882920879	0.001101584882920879	0.001101584882920879	0.0004317021838473715	0.0004317021838473715	0.0004317021838473715	0.0004317021838473715	0.0004317021838473715	7.44314110081675e-05	7.44314110081675e-05	7.44314110081675e-05	7.44314110081675e-05	7.44314110081675e-05	2.9772564403267004e-05	2.9772564403267004e-05	2.9772564403267004e-05	2.9772564403267004e-05	2.9772564403267004e-05						0.17092429223915587	0.20496921963429168	0.20496921963429168	0.17092429223915587	0.17092429223915587	0.41504443406374364	0.38065712217797026	0.1867930690660972	0.10947371931081278	0.03498276317383873	0.3195191611758615	0.2667621770532723	0.10037820088561471	0.10037820088561471	0.06094443933348755	0.41504443406374364	0.2236366175151401	0.14256592464504406	0.08459874175188319	0.04806780522907458	0.38065712217797026	0.20496921963429168	0.14256592464504406	0.10037820088561471	0.06094443933348755	0.34878559198427295	0.2236366175151401	0.14256592464504406	0.09248847131874895	0.06094443933348755	0.34878559198427295	0.2236366175151401	0.14256592464504406	0.09248847131874895	0.06094443933348755	0.34878559198427295	0.2236366175151401	0.14256592464504406	0.09248847131874895	0.06094443933348755	0.34878559198427295	0.2236366175151401	0.14256592464504406	0.09248847131874895	0.06094443933348755						0.1867930690660972	0.1867930690660972	0.1867930690660972	0.17092429223915587	0.17092429223915587	0.49447763589166	0.1867930690660972	0.17092429223915587	0.0324372089173594	0.029980972354089874	0.38065712217797026	0.2439415064381682	0.14256592464504406	0.08459874175188319
model_name	test run	DBSCAN eps=0.0001, threshold=1	DBSCAN eps=0.0001, threshold=1.5	DBSCAN eps=0.0001, threshold=2	DBSCAN eps=0.0001, threshold=2.5	DBSCAN eps=0.0001, threshold=3	DBSCAN eps=0.0002, threshold=1	DBSCAN eps=0.0002, threshold=1.5	DBSCAN eps=0.0002, threshold=2	DBSCAN eps=0.0002, threshold=2.5	DBSCAN eps=0.0002, threshold=3	DBSCAN eps=0.0004, threshold=1	DBSCAN eps=0.0004, threshold=1.5	DBSCAN eps=0.0004, threshold=2	DBSCAN eps=0.0004, threshold=2.5	DBSCAN eps=0.0004, threshold=3	DBSCAN eps=0.0008, threshold=1	DBSCAN eps=0.0008, threshold=1.5	DBSCAN eps=0.0008, threshold=2	DBSCAN eps=0.0008, threshold=2.5	DBSCAN eps=0.0008, threshold=3	DBSCAN eps=0.0016, threshold=1	DBSCAN eps=0.0016, threshold=1.5	DBSCAN eps=0.0016, threshold=2	DBSCAN eps=0.0016, threshold=2.5	DBSCAN eps=0.0016, threshold=3	DBSCAN eps=0.0032, threshold=1	DBSCAN eps=0.0032, threshold=1.5	DBSCAN eps=0.0032, threshold=2	DBSCAN eps=0.0032, threshold=2.5	DBSCAN eps=0.0032, threshold=3	DBSCAN eps=0.0064, threshold=1	DBSCAN eps=0.0064, threshold=1.5	DBSCAN eps=0.0064, threshold=2	DBSCAN eps=0.0064, threshold=2.5	DBSCAN eps=0.0064, threshold=3	DBSCAN eps=0.0128, threshold=1	DBSCAN eps=0.0128, threshold=1.5	DBSCAN eps=0.0128, threshold=2	DBSCAN eps=0.0128, threshold=2.5	DBSCAN eps=0.0128, threshold=3	DBSCAN eps=0.0256, threshold=1	DBSCAN eps=0.0256, threshold=1.5	DBSCAN eps=0.0256, threshold=2	DBSCAN eps=0.0256, threshold=2.5	DBSCAN eps=0.0256, threshold=3	DBSCAN eps=0.0512, threshold=1	DBSCAN eps=0.0512, threshold=1.5	DBSCAN eps=0.0512, threshold=2	DBSCAN eps=0.0512, threshold=2.5	DBSCAN eps=0.0512, threshold=3	k-means 5 features n_clusters=1, threshold=1	k-means 5 features n_clusters=1, threshold=1.5	k-means 5 features n_clusters=1, threshold=2	k-means 5 features n_clusters=1, threshold=2.5	k-means 5 features n_clusters=1, threshold=3	k-means 5 features n_clusters=2, threshold=1	k-means 5 features n_clusters=2, threshold=1.5	k-means 5 features n_clusters=2, threshold=2	k-means 5 features n_clusters=2, threshold=2.5	k-means 5 features n_clusters=2, threshold=3	k-means 5 features n_clusters=4, threshold=1	k-means 5 features n_clusters=4, threshold=1.5	k-means 5 features n_clusters=4, threshold=2	k-means 5 features n_clusters=4, threshold=2.5	k-means 5 features n_clusters=4, threshold=3	k-means 5 features n_clusters=8, threshold=1	k-means 5 features n_clusters=8, threshold=1.5	k-means 5 features n_clusters=8, threshold=2	k-means 5 features n_clusters=8, threshold=2.5	k-means 5 features n_clusters=8, threshold=3	k-means 5 features n_clusters=16, threshold=1	k-means 5 features n_clusters=16, threshold=1.5	k-means 5 features n_clusters=16, threshold=2	k-means 5 features n_clusters=16, threshold=2.5	k-means 5 features n_clusters=16, threshold=3	k-means 5 features n_clusters=32, threshold=1	k-means 5 features n_clusters=32, threshold=1.5	k-means 5 features n_clusters=32, threshold=2	k-means 5 features n_clusters=32, threshold=2.5	k-means 5 features n_clusters=32, threshold=3	k-means 5 features n_clusters=64, threshold=1	k-means 5 features n_clusters=64, threshold=1.5	k-means 5 features n_clusters=64, threshold=2	k-means 5 features n_clusters=64, threshold=2.5	k-means 5 features n_clusters=64, threshold=3	k-means 5 features n_clusters=128, threshold=1	k-means 5 features n_clusters=128, threshold=1.5	k-means 5 features n_clusters=128, threshold=2	k-means 5 features n_clusters=128, threshold=2.5	k-means 5 features n_clusters=128, threshold=3	k-means 5 features n_clusters=256, threshold=1	k-means 5 features n_clusters=256, threshold=1.5	k-means 5 features n_clusters=256, threshold=2	k-means 5 features n_clusters=256, threshold=2.5	k-means 5 features n_clusters=256, threshold=3	k-means 5 features n_clusters=512, threshold=1	k-means 5 features n_clusters=512, threshold=1.5	k-means 5 features n_clusters=512, threshold=2	k-means 5 features n_clusters=512, threshold=2.5	k-means 5 features n_clusters=512, threshold=3	k-prototypes 5 features n_clusters=1, threshold=1	k-prototypes 5 features n_clusters=1, threshold=1.5	k-prototypes 5 features n_clusters=1, threshold=2	k-prototypes 5 features n_clusters=1, threshold=2.5	k-prototypes 5 features n_clusters=1, threshold=3	k-prototypes 5 features n_clusters=2, threshold=1	k-prototypes 5 features n_clusters=2, threshold=1.5	k-prototypes 5 features n_clusters=2, threshold=2	k-prototypes 5 features n_clusters=2, threshold=2.5	k-prototypes 5 features n_clusters=2, threshold=3	k-prototypes 5 features n_clusters=4, threshold=1	k-prototypes 5 features n_clusters=4, threshold=1.5	k-prototypes 5 features n_clusters=4, threshold=2	k-prototypes 5 features n_clusters=4, threshold=2.5	k-prototypes 5 features n_clusters=4, threshold=3	k-prototypes 5 features n_clusters=8, threshold=1	k-prototypes 5 features n_clusters=8, threshold=1.5	k-prototypes 5 features n_clusters=8, threshold=2	k-prototypes 5 features n_clusters=8, threshold=2.5
min_open_signal	17.0	2.0	11.0	11.0	21.0	24.0	2.0	11.0	11.0	21.0	24.0	2.0	11.0	11.0	21.0	24.0	2.0	11.0	11.0	19.0	24.0	0.0	11.0	17.0	21.0	27.0	44.0	44.0	44.0	44.0	44.0	48.0	48.0	48.0	48.0	48.0	63.0	63.0	63.0	63.0	63.0	87.0	87.0	87.0	87.0	87.0	285.0	285.0	285.0	285.0	285.0						19.0	17.0	17.0	19.0	19.0	9.0	10.0	18.0	24.0	38.0	12.0	14.0	25.0	25.0	31.0	9.0	16.0	21.0	27.0	34.0	10.0	17.0	21.0	25.0	31.0	11.0	16.0	21.0	26.0	31.0	11.0	16.0	21.0	26.0	31.0	11.0	16.0	21.0	26.0	31.0	11.0	16.0	21.0	26.0	31.0						18.0	18.0	18.0	19.0	19.0	7.0	18.0	19.0	39.0	40.0	10.0	15.0	21.0	27.0
max_open_signal	393.0	393.0	393.0	393.0	393.0	393.0	393.0	393.0	393.0	393.0	393.0	393.0	393.0	393.0	393.0	393.0	393.0	393.0	393.0	393.0	393.0	90.0	393.0	393.0	393.0	393.0	393.0	393.0	393.0	393.0	393.0	393.0	393.0	393.0	393.0	393.0	393.0	393.0	393.0	393.0	393.0	393.0	393.0	393.0	393.0	393.0	393.0	393.0	393.0	393.0	393.0						393.0	393.0	393.0	393.0	393.0	393.0	393.0	393.0	393.0	393.0	393.0	393.0	393.0	393.0	393.0	393.0	393.0	393.0	393.0	393.0	393.0	393.0	393.0	393.0	393.0	393.0	393.0	393.0	393.0	393.0	393.0	393.0	393.0	393.0	393.0	393.0	393.0	393.0	393.0	393.0	393.0	393.0	393.0	393.0	393.0						393.0	393.0	393.0	393.0	393.0	393.0	393.0	393.0	393.0	393.0	393.0	393.0	393.0	393.0
min_closed_signal	0.0	0.0	0.0	0.0	0.0	0.0	0.0	0.0	0.0	0.0	0.0	0.0	0.0	0.0	0.0	0.0	0.0	0.0	0.0	0.0	0.0	0.0	0.0	0.0	0.0	0.0	0.0	0.0	0.0	0.0	0.0	0.0	0.0	0.0	0.0	0.0	0.0	0.0	0.0	0.0	0.0	0.0	0.0	0.0	0.0	0.0	0.0	0.0	0.0	0.0	0.0						0.0	0.0	0.0	0.0	0.0	0.0	0.0	0.0	0.0	0.0	0.0	0.0	0.0	0.0	0.0	0.0	0.0	0.0	0.0	0.0	0.0	0.0	0.0	0.0	0.0	0.0	0.0	0.0	0.0	0.0	0.0	0.0	0.0	0.0	0.0	0.0	0.0	0.0	0.0	0.0	0.0	0.0	0.0	0.0	0.0						0.0	0.0	0.0	0.0	0.0	0.0	0.0	0.0	0.0	0.0	0.0	0.0	0.0	0.0
max_closed_signal	16.0	46.0	61.0	61.0	70.0	70.0	46.0	61.0	61.0	70.0	70.0	46.0	61.0	61.0	70.0	70.0	63.0	63.0	63.0	70.0	70.0	393.0	90.0	90.0	90.0	90.0	92.0	92.0	92.0	92.0	92.0	102.0	102.0	102.0	102.0	102.0	115.0	115.0	115.0	115.0	115.0	165.0	165.0	165.0	165.0	165.0	165.0	165.0	165.0	165.0	165.0						18.0	16.0	16.0	18.0	18.0	8.0	9.0	17.0	23.0	37.0	11.0	13.0	24.0	24.0	30.0	8.0	15.0	20.0	26.0	33.0	9.0	16.0	20.0	24.0	30.0	10.0	15.0	20.0	25.0	30.0	10.0	15.0	20.0	25.0	30.0	10.0	15.0	20.0	25.0	30.0	10.0	15.0	20.0	25.0	30.0						17.0	17.0	17.0	18.0	18.0	6.0	17.0	18.0	38.0	39.0	9.0	14.0	20.0	26.0
no_clusters	2	2.0	2.0	2.0	2.0	2.0	2.0	2.0	2.0	2.0	2.0	2.0	2.0	2.0	2.0	2.0	2.0	2.0	2.0	2.0	2.0	2.0	2.0	2.0	2.0	2.0	2.0	2.0	2.0	2.0	2.0	2.0	2.0	2.0	2.0	2.0	2.0	2.0	2.0	2.0	2.0	2.0	2.0	2.0	2.0	2.0	2.0	2.0	2.0	2.0	2.0						2	2	2	2	2	2	2	2	2	2	2	2	2	2	2	2	2	2	2	2	2	2	2	2	2	2	2	2	2	2	2	2	2	2	2	2	2	2	2	2	2	2	2	2	2						2	2	2	2	2	2	2	2	2	2	2	2	2	2
